"ItemTitle","IMDBid","ItemYear","ItemRuntime"
"À Nous la Liberté","tt0022599","1931","97 min"
"About Schmidt","tt0257360","2002","125 min"
"Absence of Malice","tt0081974","1981","116 min"
"Adam's Rib","tt0041090","1949","101 min"
"Adaptation.","tt0268126","2002","115 min"
"The Adjuster","tt0101273","1991","102 min"
"The Adventures of Robin Hood","tt0029843","1938","102 min"
"Affliction","tt0118564","1997","114 min"
"The African Queen","tt0043265","1951","105 min"
"L'Age d'Or","tt0021577","1930","63 min"
"Aguirre, the Wrath of God","tt0068182","1972","95 min"
"A.I. Artificial Intelligence","tt0212720","2001","146 min"
"Airplane!","tt0080339","1980","88 min"
"Aladdin","tt0103639","1992","90 min"
"Alexander Nevsky","tt0029850","1938","112 min"
"Alice Doesn't Live Here Anymore","tt0071115","1974","112 min"
"Alice's Restaurant","tt0064002","1969","111 min"
"Aliens","tt0090605","1986","137 min"
"All About Eve","tt0042192","1950","138 min"
"All About My Mother","tt0185125","1999","101 min"
"All Quiet on the Western Front","tt0020629","1930","152 min"
"All That Heaven Allows","tt0047811","1955","89 min"
"All the King's Men","tt0041113","1949","110 min"
"All the President's Men","tt0074119","1976","138 min"
"Amadeus","tt0086879","1984","160 min"
"Amarcord","tt0071129","1973","123 min"
"Amélie","tt0211915","2001","122 min"
"America America","tt0056825","1963","174 min"
"The American Friend","tt0075675","1977","128 min"
"American Graffiti","tt0069704","1973","110 min"
"An American in Paris","tt0043278","1951","114 min"
"The Americanization of Emily","tt0057840","1964","115 min"
"American Movie","tt0181288","1999","107 min"
"Amores perros","tt0245712","2000","154 min"
"Anastasia","tt0048947","1956","105 min"
"Anatomy of a Murder","tt0052561","1959","161 min"
"The Angry Silence","tt0053602","1960","95 min"
"Anna and the King of Siam","tt0038303","1946","128 min"
"Anna Christie","tt0020641","1930","89 min"
"Annie Hall","tt0075686","1977","93 min"
"The Apartment","tt0053604","1960","125 min"
"Apocalypse Now","tt0078788","1979","147 min"
"Apollo 13","tt0112384","1995","140 min"
"The Apostle","tt0118632","1997","134 min"
"L'Argent","tt0085180","1983","85 min"
"Ashes and Diamonds","tt0052080","1958","103 min"
"The Asphalt Jungle","tt0042208","1950","112 min"
"L'Atalante","tt0024844","1934","89 min"
"Atlantic City","tt0080388","1980","104 min"
"Au Revoir les Enfants","tt0092593","1987","104 min"
"L'Avventura","tt0053619","1960","144 min"
"The Awful Truth","tt0028597","1937","90 min"
"Babette's Feast","tt0092603","1987","103 min"
"Baby Doll","tt0048973","1956","114 min"
"Back to the Future","tt0088763","1985","116 min"
"The Bad and the Beautiful","tt0044391","1952","118 min"
"Bad Day at Black Rock","tt0047849","1955","81 min"
"Badlands","tt0069762","1973","94 min"
"The Baker's Wife","tt0030127","1938","133 min"
"Ball of Fire","tt0033373","1941","111 min"
"The Ballad of Cable Hogue","tt0065446","1970","121 min"
"Bambi","tt0034492","1942","70 min"
"The Band Wagon","tt0045537","1953","112 min"
"Bang the Drum Slowly","tt0069765","1973","96 min"
"The Bank Dick","tt0032234","1940","72 min"
"Barfly","tt0092618","1987","100 min"
"Barry Lyndon","tt0072684","1975","185 min"
"Barton Fink","tt0101410","1991","116 min"
"The Battle of Algiers","tt0058946","1966","121 min"
"A Good Marriage","tt0082053","1982","93 min"
"Beautiful People","tt0159272","1999","107 min"
"Beauty and the Beast","tt0038348","1946","93 min"
"Beauty and the Beast","tt0101414","1991","84 min"
"Bed & Board","tt0065651","1970","97 min"
"Beetlejuice","tt0094721","1988","92 min"
"Before Night Falls","tt0247196","2000","133 min"
"Before the Rain","tt0110882","1994","113 min"
"Being John Malkovich","tt0120601","1999","113 min"
"Being There","tt0078841","1979","130 min"
"Belle de Jour","tt0061395","1967","100 min"
"Ben-Hur","tt0052618","1959","212 min"
"Berlin Alexanderplatz","tt0080196","1980","931 min"
"The Best Years of Our Lives","tt0036868","1946","170 min"
"Beverly Hills Cop","tt0086960","1984","105 min"
"Bicycle Thieves","tt0040522","1948","89 min"
"The Big Chill","tt0085244","1983","105 min"
"The Big Clock","tt0040160","1948","95 min"
"Big Deal on Madonna Street","tt0052216","1958","106 min"
"The Big Heat","tt0045555","1953","89 min"
"Big Night","tt0115678","1996","109 min"
"The Big Red One","tt0080437","1980","113 min"
"The Big Sky","tt0044419","1952","140 min"
"The Big Sleep","tt0038355","1946","114 min"
"Billy Liar","tt0056868","1963","98 min"
"Biloxi Blues","tt0094746","1988","106 min"
"The Birds","tt0056869","1963","119 min"
"Birdy","tt0086969","1984","120 min"
"Black Narcissus","tt0039192","1947","101 min"
"Black Orpheus","tt0053146","1959","100 min"
"Black Robe","tt0101465","1991","101 min"
"Blazing Saddles","tt0071230","1974","93 min"
"Bloody Sunday","tt0280491","2002","107 min"
"Blow-Up","tt0060176","1966","111 min"
"Blue Collar","tt0077248","1978","114 min"
"Blue Velvet","tt0090756","1986","120 min"
"Bob & Carol & Ted & Alice","tt0064100","1969","105 min"
"Bob le Flambeur","tt0047892","1956","98 min"
"Body Heat","tt0082089","1981","113 min"
"Bonnie and Clyde","tt0061418","1967","111 min"
"Boogie Nights","tt0118749","1997","155 min"
"Born on the Fourth of July","tt0096969","1989","145 min"
"Born Yesterday","tt0042276","1950","103 min"
"Le Boucher","tt0064106","1970","93 min"
"Bound for Glory","tt0074235","1976","147 min"
"Boys Don't Cry","tt0171804","1999","118 min"
"Boyz n the Hood","tt0101507","1991","112 min"
"Brazil","tt0088846","1985","132 min"
"Bread, Love and Dreams","tt0046159","1953","90 min"
"Breaker Morant","tt0080310","1980","107 min"
"The Breakfast Club","tt0088847","1985","97 min"
"Breaking Away","tt0078902","1979","101 min"
"Breaking the Waves","tt0115751","1996","159 min"
"Breathless","tt0053472","1960","90 min"
"The Bride Wore Black","tt0061955","1968","107 min"
"The Bridge on the River Kwai","tt0050212","1957","161 min"
"Brief Encounter","tt0037558","1945","86 min"
"A Brief History of Time","tt0103882","1991","80 min"
"Bringing Up Baby","tt0029947","1938","102 min"
"Broadcast News","tt0092699","1987","133 min"
"Brother's Keeper","tt0103888","1992","104 min"
"The Buddy Holly Story","tt0077280","1978","114 min"
"Bull Durham","tt0094812","1988","108 min"
"Bullitt","tt0062765","1968","114 min"
"Bus Stop","tt0049038","1956","96 min"
"Butch Cassidy and the Sundance Kid","tt0064115","1969","110 min"
"The Butcher Boy","tt0118804","1997","110 min"
"Bye Bye Brazil","tt0080482","1980","110 min"
"The Earrings of Madame De...","tt0046022","1953","105 min"
"Cabaret","tt0068327","1972","124 min"
"The Caine Mutiny","tt0046816","1954","124 min"
"California Suite","tt0077289","1978","103 min"
"Calle 54","tt0260775","2000","105 min"
"Camelot","tt0061439","1967","179 min"
"Camille","tt0028683","1936","109 min"
"Captains Courageous","tt0028691","1937","117 min"
"Carmen Jones","tt0046828","1954","105 min"
"Carnal Knowledge","tt0066892","1971","98 min"
"Casablanca","tt0034583","1942","102 min"
"Cat on a Hot Tin Roof","tt0051459","1958","108 min"
"Catch-22","tt0065528","1970","122 min"
"Cavalcade","tt0023876","1933","112 min"
"The Celebration","tt0154420","1998","105 min"
"La Cérémonie","tt0112769","1995","112 min"
"Chan Is Missing","tt0083728","1982","80 min"
"Chariots of Fire","tt0082158","1981","125 min"
"Charley Varrick","tt0069865","1973","111 min"
"Chicago","tt0299658","2002","113 min"
"Chicken Run","tt0120630","2000","84 min"
"La Chienne","tt0021739","1931","95 min"
"Chinatown","tt0071315","1974","130 min"
"Love in the Afternoon","tt0068205","1972","97 min"
"Chocolat","tt0241303","2000","121 min"
"The Cider House Rules","tt0124315","1999","126 min"
"The Citadel","tt0029995","1938","110 min"
"Citizen Kane","tt0033467","1941","119 min"
"Claire's Knee","tt0065772","1970","105 min"
"The Clockmaker of St. Paul","tt0071622","1974","105 min"
"A Clockwork Orange","tt0066921","1971","136 min"
"Close Encounters of the Third Kind","tt0075860","1977","138 min"
"Close-Up","tt0100234","1990","98 min"
"Clueless","tt0112697","1995","97 min"
"Coal Miner's Daughter","tt0080549","1980","124 min"
"The Color of Money","tt0090863","1986","119 min"
"Come Back, Little Sheba","tt0044509","1952","99 min"
"Coming Home","tt0077362","1978","127 min"
"The Conformist","tt0065571","1970","113 min"
"The Conquest of Everest","tt0045646","1953","78 min"
"Contempt","tt0057345","1963","102 min"
"The Conversation","tt0071360","1974","113 min"
"Cool Hand Luke","tt0061512","1967","127 min"
"The Count of Monte Cristo","tt0025004","1934","113 min"
"The Country Girl","tt0046874","1954","104 min"
"The Cousins","tt0052708","1959","112 min"
"The Cranes Are Flying","tt0050634","1957","95 min"
"Cries & Whispers","tt0069467","1972","91 min"
"Crossfire","tt0039286","1947","86 min"
"Crumb","tt0109508","1994","119 min"
"Cry, the Beloved Country","tt0043436","1951","103 min"
"The Crying Game","tt0104036","1992","112 min"
"Damn Yankees","tt0051516","1958","111 min"
"The Damned","tt0064118","1969","156 min"
"Dance with a Stranger","tt0088987","1985","96 min"
"Dangerous Liaisons","tt0094947","1988","119 min"
"Daniel","tt0085398","1983","130 min"
"Danton","tt0083789","1983","136 min"
"Oci ciornie","tt0093664","1987","118 min"
"Dark Victory","tt0031210","1939","104 min"
"Darling","tt0059084","1965","128 min"
"David Copperfield","tt0026266","1935","130 min"
"David Holzman's Diary","tt0062864","1967","74 min"
"Dawn of the Dead","tt0077402","1978","127 min"
"Day for Night","tt0070460","1973","116 min"
"The Day of the Jackal","tt0069947","1973","143 min"
"The Day the Earth Stood Still","tt0043456","1951","92 min"
"Days of Heaven","tt0077405","1978","94 min"
"Days of Wine and Roses","tt0055895","1962","117 min"
"The Dead","tt0092843","1987","83 min"
"Dead Calm","tt0097162","1989","96 min"
"Dead End","tt0028773","1937","93 min"
"Dead Man Walking","tt0112818","1995","122 min"
"Dead of Night","tt0037635","1945","77 min"
"Dead Ringers","tt0094964","1988","116 min"
"Death in Venice","tt0067445","1971","130 min"
"Death of a Salesman","tt0043458","1951","115 min"
"Dekalog","tt0092337","1990","572 min"
"Deep End","tt0066122","1970","88 min"
"The Deer Hunter","tt0077416","1978","183 min"
"The Defiant Ones","tt0051525","1958","96 min"
"Deliverance","tt0068473","1972","109 min"
"Desperately Seeking Susan","tt0089017","1985","104 min"
"Destry Rides Again","tt0031225","1939","95 min"
"Diabolique","tt0046911","1955","117 min"
"Dial M for Murder","tt0046912","1954","105 min"
"Diary of a Chambermaid","tt0058249","1964","97 min"
"Diary of a Country Priest","tt0042619","1951","95 min"
"Die Hard","tt0095016","1988","132 min"
"Diner","tt0083833","1982","110 min"
"Dinner at Eight","tt0023948","1933","111 min"
"The Dirty Dozen","tt0061578","1967","150 min"
"Dirty Harry","tt0066999","1971","102 min"
"Dirty Rotten Scoundrels","tt0095031","1988","110 min"
"The Discreet Charm of the Bourgeoisie","tt0068361","1972","102 min"
"Disraeli","tt0019823","1929","90 min"
"Distant Thunder","tt0069737","1973","101 min"
"Diva","tt0082269","1981","117 min"
"Divorce Italian Style","tt0055913","1961","105 min"
"Do the Right Thing","tt0097216","1989","120 min"
"Dr. Jekyll and Mr. Hyde","tt0022835","1931","98 min"
"Dr. Strangelove or: How I Learned to Stop Worrying and Love the Bomb","tt0057012","1964","95 min"
"Doctor Zhivago","tt0059113","1965","197 min"
"Dodsworth","tt0027532","1936","101 min"
"La Dolce Vita","tt0053779","1960","174 min"
"Donnie Brasco","tt0119008","1997","127 min"
"Don't Look Back","tt0061589","1967","96 min"
"Double Indemnity","tt0036775","1944","107 min"
"Down by Law","tt0090967","1986","107 min"
"Dracula","tt0021814","1931","75 min"
"The Dreamlife of Angels","tt0120449","1998","113 min"
"Dressed to Kill","tt0080661","1980","104 min"
"The Dresser","tt0085461","1983","118 min"
"Driving Miss Daisy","tt0097239","1989","99 min"
"Drowning by Numbers","tt0092929","1988","118 min"
"Drugstore Cowboy","tt0097240","1989","101 min"
"Duck Soup","tt0023969","1933","69 min"
"The Duellists","tt0075968","1977","100 min"
"Dumbo","tt0033563","1941","64 min"
"East of Eden","tt0048028","1955","118 min"
"Easy Living","tt0028816","1937","88 min"
"Eat Drink Man Woman","tt0111797","1994","124 min"
"Effi Briest","tt0071458","1974","135 min"
"8½","tt0056801","1963","138 min"
"Eight Men Out","tt0095082","1988","119 min"
"The Elephant Man","tt0080678","1980","124 min"
"Elmer Gantry","tt0053793","1960","146 min"
"Empire of the Sun","tt0092965","1987","153 min"
"Enemies, A Love Story","tt0097276","1989","119 min"
"Children of Paradise","tt0037674","1945","189 min"
"The English Patient","tt0116209","1996","162 min"
"The Entertainer","tt0053796","1960","96 min"
"Entre Nous","tt0085370","1983","110 min"
"E.T. the Extra-Terrestrial","tt0083866","1982","115 min"
"Europa Europa","tt0099776","1990","112 min"
"Every Man for Himself","tt0079854","1980","87 min"
"The Exorcist","tt0070047","1973","122 min"
"The Exterminating Angel","tt0056732","1962","95 min"
"A Face in the Crowd","tt0050371","1957","126 min"
"Face to Face","tt0074147","1976","114 min"
"Faces","tt0062952","1968","130 min"
"The Family Game","tt0087545","1983","107 min"
"Fanny and Alexander","tt0083922","1982","188 min"
"Fantasia","tt0032455","1940","125 min"
"Farewell My Concubine","tt0106332","1993","171 min"
"Far from Heaven","tt0297884","2002","107 min"
"Fargo","tt0116282","1996","98 min"
"Fast, Cheap & Out of Control","tt0119107","1997","80 min"
"Atanarjuat: The Fast Runner","tt0285441","2001","172 min"
"Fat City","tt0068575","1972","96 min"
"Fatal Attraction","tt0093010","1987","119 min"
"Father of the Bride","tt0042451","1950","92 min"
"Fellini Satyricon","tt0064940","1969","129 min"
"La femme infidèle","tt0064323","1969","98 min"
"Nikita","tt0100263","1990","117 min"
"The Fisher King","tt0101889","1991","137 min"
"Fists in the Pocket","tt0059619","1965","105 min"
"Fitzcarraldo","tt0083946","1982","158 min"
"Five Easy Pieces","tt0065724","1970","98 min"
"The Flamingo Kid","tt0087265","1984","100 min"
"The Fly","tt0051622","1958","94 min"
"Force of Evil","tt0040366","1948","79 min"
"For Whom the Bell Tolls","tt0035896","1943","170 min"
"Forbidden Games","tt0043686","1952","86 min"
"A Foreign Affair","tt0040367","1948","116 min"
"The Fortune Cookie","tt0060424","1966","125 min"
"The 400 Blows","tt0053198","1959","99 min"
"Frankenstein","tt0021884","1931","70 min"
"The French Connection","tt0067116","1971","104 min"
"Frenzy","tt0068611","1972","116 min"
"Friendly Persuasion","tt0049233","1956","137 min"
"From Here to Eternity","tt0045793","1953","118 min"
"The Fugitive","tt0039402","1947","104 min"
"Full Metal Jacket","tt0093058","1987","116 min"
"The Full Monty","tt0119164","1997","91 min"
"Funny Face","tt0050419","1957","103 min"
"Funny Girl","tt0062994","1968","151 min"
"Fury","tt0027652","1936","92 min"
"Gallipoli","tt0082432","1981","110 min"
"Gandhi","tt0083987","1982","191 min"
"Gangs of New York","tt0217505","2002","167 min"
"The Garden of the Finzi-Continis","tt0065777","1970","94 min"
"Gas Food Lodging","tt0104321","1992","101 min"
"Gaslight","tt0036855","1944","114 min"
"Gate of Hell","tt0045935","1953","89 min"
"A Geisha","tt0045814","1953","85 min"
"The General","tt0120706","1998","124 min"
"Il Generale Della Rovere","tt0053856","1959","129 min"
"Genevieve","tt0045808","1953","86 min"
"Gentlemen Prefer Blondes","tt0045810","1953","91 min"
"Georgy Girl","tt0060453","1966","99 min"
"Get Carter","tt0067128","1971","112 min"
"Get Out Your Handkerchiefs","tt0078122","1978","108 min"
"Ghost World","tt0162346","2001","111 min"
"Giant","tt0049261","1956","201 min"
"Gigi","tt0051658","1958","115 min"
"Gimme Shelter","tt0065780","1970","91 min"
"The Girl Can't Help It","tt0049263","1956","99 min"
"Girl with a Suitcase","tt0054225","1961","96 min"
"The Gleaners & I","tt0247380","2000","82 min"
"The Goalie's Anxiety at the Penalty Kick","tt0066773","1972","101 min"
"The Go-Between","tt0067144","1971","116 min"
"The Godfather","tt0068646","1972","175 min"
"The Godfather: Part II","tt0071562","1974","202 min"
"Going My Way","tt0036872","1944","126 min"
"Goldfinger","tt0058150","1964","110 min"
"Gone with the Wind","tt0031381","1939","238 min"
"The Good, the Bad and the Ugly","tt0060196","1966","178 min"
"The Good Earth","tt0028944","1937","138 min"
"Goodbye, Mr. Chips","tt0031385","1939","114 min"
"Goodfellas","tt0099685","1990","146 min"
"Gosford Park","tt0280707","2001","137 min"
"The Graduate","tt0061722","1967","106 min"
"Grand Hotel","tt0022958","1932","112 min"
"La Grande Illusion","tt0028950","1937","113 min"
"The Grapes of Wrath","tt0032551","1940","129 min"
"The Great Dictator","tt0032553","1940","125 min"
"Great Expectations","tt0038574","1946","118 min"
"The Great Man","tt0049280","1956","92 min"
"The Great McGinty","tt0032554","1940","82 min"
"The Greatest Show on Earth","tt0044672","1952","152 min"
"Green for Danger","tt0038577","1946","91 min"
"Gregory's Girl","tt0082477","1980","91 min"
"The Grifters","tt0099703","1990","110 min"
"Groundhog Day","tt0107048","1993","101 min"
"The Gunfighter","tt0042531","1950","85 min"
"Gunga Din","tt0031398","1939","117 min"
"Hail the Conquering Hero","tt0036891","1944","101 min"
"Hair","tt0079261","1979","121 min"
"Hamlet","tt0040416","1948","154 min"
"Hamlet","tt0171359","2000","112 min"
"Citizens Band","tt0076123","1977","98 min"
"Hannah and Her Sisters","tt0091167","1986","107 min"
"Happiness","tt0147612","1998","134 min"
"A Hard Day's Night","tt0058182","1964","87 min"
"Harlan County U.S.A.","tt0074605","1976","103 min"
"Harry and Tonto","tt0071598","1974","115 min"
"A Hatful of Rain","tt0050487","1957","109 min"
"The Heartbreak Kid","tt0068687","1972","106 min"
"Heartland","tt0082508","1979","96 min"
"Hearts of Darkness: A Filmmaker's Apocalypse","tt0102015","1991","96 min"
"Heat and Dust","tt0084058","1983","130 min"
"Heathers","tt0097493","1988","103 min"
"Heavy Traffic","tt0070165","1973","77 min"
"Heimat: A Chronicle of Germany","tt0087400","1984","924 min"
"The Heiress","tt0041452","1949","115 min"
"Henry V","tt0097499","1989","137 min"
"Henry V","tt0036910","1944","137 min"
"Henry Fool","tt0122529","1997","137 min"
"Here Comes Mr. Jordan","tt0033712","1941","94 min"
"High and Low","tt0057565","1963","143 min"
"The High and the Mighty","tt0047086","1954","147 min"
"High Art","tt0139362","1998","101 min"
"High Hopes","tt0095302","1988","108 min"
"High Noon","tt0044706","1952","85 min"
"High Sierra","tt0033717","1941","100 min"
"The Hill","tt0059274","1965","123 min"
"Hiroshima Mon Amour","tt0052893","1959","90 min"
"His Girl Friday","tt0032599","1940","92 min"
"The Homecoming","tt0070188","1973","111 min"
"Hoop Dreams","tt0110057","1994","170 min"
"Hope and Glory","tt0093209","1987","113 min"
"Hôtel Terminus","tt0095341","1988","267 min"
"The Hours","tt0274558","2002","110 min"
"Household Saints","tt0107152","1993","124 min"
"House of Games","tt0093223","1987","102 min"
"How Green Was My Valley","tt0033729","1941","118 min"
"How to Marry a Millionaire","tt0045891","1953","95 min"
"Howards End","tt0104454","1992","142 min"
"Hud","tt0057163","1963","112 min"
"Huey Long","tt0089310","1985","88 min"
"Husbands and Wives","tt0104466","1992","108 min"
"The Hustler","tt0054997","1961","134 min"
"I Know Where I'm Going!","tt0037800","1945","92 min"
"I Remember Mama","tt0040458","1948","134 min"
"I Want to Live!","tt0051758","1958","120 min"
"If....","tt0063850","1968","111 min"
"Ikiru","tt0044741","1952","143 min"
"I'm All Right Jack","tt0052911","1959","105 min"
"Imitation of Life","tt0052918","1959","125 min"
"In Cold Blood","tt0061809","1967","134 min"
"In the Bedroom","tt0247425","2001","131 min"
"In the Heat of the Night","tt0061811","1967","110 min"
"The Informer","tt0026529","1935","91 min"
"Inherit the Wind","tt0053946","1960","128 min"
"The Insider","tt0140352","1999","157 min"
"Internal Affairs","tt0099850","1990","115 min"
"The Ipcress File","tt0059319","1965","109 min"
"It Happened One Night","tt0025316","1934","105 min"
"It's a Gift","tt0025318","1934","68 min"
"It's a Wonderful Life","tt0038650","1946","130 min"
"Jailhouse Rock","tt0050556","1957","96 min"
"Jaws","tt0073195","1975","124 min"
"The Jazz Singer","tt0018037","1927","88 min"
"Jean de Florette","tt0091288","1986","120 min"
"Jerry Maguire","tt0116695","1996","139 min"
"Johnny Guitar","tt0047136","1954","110 min"
"The Judge and the Assassin","tt0073219","1976","128 min"
"Judgment at Nuremberg","tt0055031","1961","179 min"
"Ju Dou","tt0099902","1990","95 min"
"Jules and Jim","tt0055032","1962","105 min"
"Juliet of the Spirits","tt0059229","1965","137 min"
"Junior Bonner","tt0068786","1972","100 min"
"Kagemusha","tt0080979","1980","162 min"
"The Killers","tt0038669","1946","103 min"
"The Killing Fields","tt0087553","1984","141 min"
"Kind Hearts and Coronets","tt0041546","1949","106 min"
"The King and I","tt0049408","1956","133 min"
"King Kong","tt0024216","1933","100 min"
"King Lear","tt0067306","1970","137 min"
"The King of Comedy","tt0085794","1982","109 min"
"The King of Marvin Gardens","tt0068805","1972","103 min"
"Kiss of the Spider Woman","tt0089424","1985","120 min"
"Klute","tt0067309","1971","114 min"
"Knife in the Water","tt0056291","1962","94 min"
"Kramer vs. Kramer","tt0079417","1979","105 min"
"L.A. Confidential","tt0119488","1997","138 min"
"Lacombe, Lucien","tt0071733","1974","138 min"
"The Lady Eve","tt0033804","1941","94 min"
"The Lady Vanishes","tt0030341","1938","96 min"
"Ladybird Ladybird","tt0110296","1994","101 min"
"Lamerica","tt0110299","1994","116 min"
"The Last American Hero","tt0070287","1973","95 min"
"The Last Emperor","tt0093389","1987","163 min"
"The Last Metro","tt0080610","1980","131 min"
"The Last Picture Show","tt0067328","1971","118 min"
"The Last Seduction","tt0110308","1994","110 min"
"Last Tango in Paris","tt0070849","1972","129 min"
"The Last Temptation of Christ","tt0095497","1988","164 min"
"The Last Waltz","tt0077838","1978","117 min"
"Laura","tt0037008","1944","88 min"
"The Lavender Hill Mob","tt0044829","1951","78 min"
"Lawrence of Arabia","tt0056172","1962","228 min"
"A League of Their Own","tt0104694","1992","128 min"
"Leaving Las Vegas","tt0113627","1995","111 min"
"The Leopard","tt0057091","1963","186 min"
"The Letter","tt0032701","1940","95 min"
"A Letter to Three Wives","tt0041587","1949","103 min"
"Les liaisons dangereuses","tt0053002","1959","106 min"
"The Life and Death of Colonel Blimp","tt0036112","1943","163 min"
"Life Is Sweet","tt0100024","1990","103 min"
"The Life of Emile Zola","tt0029146","1937","116 min"
"Life with Father","tt0039566","1947","118 min"
"Like Water for Chocolate","tt0103994","1992","105 min"
"Lili","tt0046000","1953","81 min"
"Little Big Man","tt0065988","1970","139 min"
"Little Caesar","tt0021079","1931","79 min"
"The Little Foxes","tt0033836","1941","116 min"
"Little Fugitive","tt0046004","1953","75 min"
"The Little Kidnappers","tt0046006","1953","93 min"
"Little Vera","tt0095574","1988","110 min"
"Little Women","tt0024264","1933","115 min"
"Little Women","tt0110367","1994","115 min"
"The Lives of a Bengal Lancer","tt0026643","1935","109 min"
"Living in Oblivion","tt0113677","1995","90 min"
"Local Hero","tt0085859","1983","111 min"
"Lola","tt0082671","1981","115 min"
"Lola Montès","tt0048308","1955","116 min"
"Lolita","tt0056193","1962","153 min"
"Lone Star","tt0116905","1996","135 min"
"The Loneliness of the Long Distance Runner","tt0056194","1962","104 min"
"Long Day's Journey Into Night","tt0056196","1962","174 min"
"The Long Goodbye","tt0070334","1973","112 min"
"The Long Good Friday","tt0081070","1980","114 min"
"The Long Voyage Home","tt0032728","1940","105 min"
"The Longest Day","tt0056197","1962","178 min"
"Look Back in Anger","tt0051879","1959","98 min"
"Lost Horizon","tt0029162","1937","132 min"
"Lost in America","tt0089504","1985","91 min"
"The Lost Weekend","tt0037884","1945","101 min"
"Love","tt0067814","1971","88 min"
"Love Affair","tt0031593","1939","88 min"
"Love and Death","tt0073312","1975","85 min"
"A Love in Germany","tt0085843","1983","110 min"
"Love in the Afternoon","tt0050658","1957","130 min"
"Lovely & Amazing","tt0258273","2001","91 min"
"Love on the Run","tt0078771","1979","94 min"
"Lover Come Back","tt0055100","1961","107 min"
"The Lovers","tt0052556","1958","90 min"
"A Blonde in Love","tt0059415","1965","88 min"
"Loving","tt0066017","1970","89 min"
"Lust for Life","tt0049456","1956","122 min"
"M","tt0022100","1931","99 min"
"Mad Max","tt0079501","1979","88 min"
"The Madness of King George","tt0110428","1994","110 min"
"The Magic Flute","tt0073822","1975","135 min"
"The Major and the Minor","tt0035019","1942","100 min"
"Major Barbara","tt0033868","1941","121 min"
"Make Way for Tomorrow","tt0029192","1937","91 min"
"Malcolm X","tt0104797","1992","202 min"
"The Maltese Falcon","tt0033870","1941","100 min"
"A Man for All Seasons","tt0060665","1966","120 min"
"Man Hunt","tt0033873","1941","105 min"
"The Man Who Came to Dinner","tt0033874","1942","112 min"
"The Man Who Loved Women","tt0076155","1977","120 min"
"The Man Who Wasn't There","tt0243133","2001","116 min"
"The Man with the Golden Arm","tt0048347","1955","119 min"
"The Manchurian Candidate","tt0056218","1962","126 min"
"Manhattan","tt0079522","1979","96 min"
"Manon of the Spring","tt0091480","1986","113 min"
"Marriage Italian Style","tt0058335","1964","102 min"
"Married to the Mob","tt0095593","1988","104 min"
"The Marrying Kind","tt0044888","1952","92 min"
"Marty","tt0048356","1955","90 min"
"Mary Poppins","tt0058331","1964","139 min"
"MASH","tt0066026","1970","116 min"
"The Match Factory Girl","tt0098532","1990","69 min"
"Mayerling","tt0027951","1936","96 min"
"McCabe & Mrs. Miller","tt0067411","1971","120 min"
"Mean Streets","tt0070379","1973","112 min"
"Meet Me in St. Louis","tt0037059","1944","113 min"
"Melvin and Howard","tt0081150","1980","95 min"
"Memories of Underdevelopment","tt0063291","1968","97 min"
"The Memory of Justice","tt0074891","1976","278 min"
"The Men","tt0042727","1950","85 min"
"Ménage","tt0092068","1986","84 min"
"Metropolitan","tt0100142","1990","98 min"
"Midnight","tt0031647","1939","94 min"
"Midnight Cowboy","tt0064665","1969","113 min"
"Minnie and Moskowitz","tt0067433","1971","114 min"
"The Miracle of Morgan's Creek","tt0037077","1944","98 min"
"Miracle on 34th Street","tt0039628","1947","96 min"
"The Miracle Worker","tt0056241","1962","106 min"
"Les Misérables","tt0026725","1935","108 min"
"The Misfits","tt0055184","1961","125 min"
"Missing","tt0084335","1982","122 min"
"Mr. & Mrs. Bridge","tt0100200","1990","126 min"
"Mr. Deeds Goes to Town","tt0027996","1936","115 min"
"Monsieur Hulot's Holiday","tt0046487","1953","83 min"
"Mister Roberts","tt0048380","1955","123 min"
"Mr. Smith Goes to Washington","tt0031679","1939","129 min"
"Mrs. Miniver","tt0035093","1942","134 min"
"My American Uncle","tt0081176","1980","125 min"
"Mona Lisa","tt0091538","1986","104 min"
"Monsieur Verdoux","tt0039631","1947","124 min"
"Monsters, Inc.","tt0198781","2001","92 min"
"Moonlighting","tt0084354","1982","97 min"
"Moonstruck","tt0093565","1987","102 min"
"The More the Merrier","tt0036172","1943","104 min"
"Morgan!","tt0060714","1966","97 min"
"The Mortal Storm","tt0032811","1940","100 min"
"Mother","tt0117091","1996","104 min"
"Moulin Rouge","tt0044926","1952","119 min"
"The Mouthpiece","tt0023240","1932","86 min"
"Much Ado About Nothing","tt0107616","1993","111 min"
"Mulholland Drive","tt0166924","2001","147 min"
"Murmur of the Heart","tt0067778","1971","118 min"
"Mutiny on the Bounty","tt0026752","1935","132 min"
"My Beautiful Laundrette","tt0091578","1985","97 min"
"My Darling Clementine","tt0038762","1946","97 min"
"My Dinner with Andre","tt0082783","1981","110 min"
"My Fair Lady","tt0058385","1964","170 min"
"My Left Foot","tt0097937","1989","103 min"
"My Life as a Dog","tt0089606","1985","101 min"
"My Man Godfrey","tt0028010","1936","94 min"
"My Night at Maud's","tt0064612","1969","105 min"
"My Own Private Idaho","tt0102494","1991","104 min"
"My Twentieth Century","tt0096863","1989","104 min"
"Mon Oncle","tt0050706","1958","116 min"
"The Naked Gun: From the Files of Police Squad!","tt0095705","1988","85 min"
"Nashville","tt0073440","1975","160 min"
"National Lampoon's Animal House","tt0077975","1978","109 min"
"National Velvet","tt0037120","1944","123 min"
"Network","tt0074958","1976","121 min"
"Never on Sunday","tt0054198","1960","97 min"
"Night Moves","tt0073453","1975","100 min"
"The Night of the Hunter","tt0048424","1955","92 min"
"Night of the Living Dead","tt0063350","1968","96 min"
"A Night to Remember","tt0051994","1958","123 min"
"A Nightmare on Elm Street","tt0087800","1984","91 min"
"1900","tt0074084","1976","317 min"
"Ninotchka","tt0031725","1939","110 min"
"Nobody's Fool","tt0110684","1994","110 min"
"Norma Rae","tt0079638","1979","114 min"
"North by Northwest","tt0053125","1959","136 min"
"Nothing But the Best","tt0058415","1964","99 min"
"Notorious","tt0038787","1946","102 min"
"Now, Voyager","tt0035140","1942","117 min"
"That Night in Varennes","tt0084423","1982","150 min"
"The Nun's Story","tt0053131","1959","149 min"
"Odd Man Out","tt0039677","1947","116 min"
"Of Mice and Men","tt0031742","1939","106 min"
"Oklahoma!","tt0048445","1955","145 min"
"Oliver Twist","tt0040662","1948","105 min"
"Los Olvidados","tt0042804","1950","80 min"
"On the Beach","tt0053137","1959","134 min"
"On the Town","tt0041716","1949","98 min"
"On the Waterfront","tt0047296","1954","108 min"
"One False Move","tt0102592","1992","105 min"
"One Flew Over the Cuckoo's Nest","tt0073486","1975","133 min"
"One Foot in Heaven","tt0033980","1941","108 min"
"One Hour with You","tt0023303","1932","78 min"
"One Night of Love","tt0025601","1934","84 min"
"One Potato, Two Potato","tt0058429","1964","83 min"
"One, Two, Three","tt0055256","1961","104 min"
"Only Angels Have Wings","tt0031762","1939","121 min"
"Rome, Open City","tt0038890","1945","103 min"
"Operation Crossbow","tt0059549","1965","115 min"
"The Opposite of Sex","tt0120777","1998","105 min"
"Ordinary People","tt0081283","1980","124 min"
"Obsession","tt0035160","1943","140 min"
"Othello","tt0045251","1951","90 min"
"Our Town","tt0032881","1940","90 min"
"Out of the Past","tt0039689","1947","97 min"
"The Outlaw Josey Wales","tt0075029","1976","135 min"
"The Overlanders","tt0038821","1946","91 min"
"The Ox-Bow Incident","tt0036244","1942","75 min"
"Paint Your Wagon","tt0064782","1969","164 min"
"Paisan","tt0038823","1946","120 min"
"The Palm Beach Story","tt0035169","1942","88 min"
"The Parallax View","tt0071970","1974","102 min"
"A Passage to India","tt0087892","1984","164 min"
"The Passion of Anna","tt0064793","1969","101 min"
"Pather Panchali","tt0048473","1955","125 min"
"Paths of Glory","tt0050825","1957","88 min"
"Patton","tt0066206","1970","172 min"
"The Pawnbroker","tt0059575","1964","116 min"
"Payday","tt0069067","1973","103 min"
"Pelle the Conqueror","tt0093713","1987","157 min"
"The People vs. Larry Flynt","tt0117318","1996","130 min"
"Persona","tt0060827","1966","83 min"
"Screen Two","tt0114117","2002","107 min"
"The Little Theatre of Jean Renoir","tt0067571","1970","100 min"
"Petulia","tt0063426","1968","105 min"
"The Philadelphia Story","tt0032904","1940","112 min"
"The Pianist","tt0253474","2002","150 min"
"The Piano","tt0107822","1993","121 min"
"Pickup on South Street","tt0046187","1953","80 min"
"The Pillow Book","tt0114134","1996","126 min"
"Pillow Talk","tt0053172","1959","102 min"
"The Pink Panther","tt0057413","1963","115 min"
"Pinocchio","tt0032910","1940","88 min"
"Pixote","tt0082912","1980","128 min"
"A Place in the Sun","tt0043924","1951","122 min"
"Places in the Heart","tt0087921","1984","111 min"
"Platoon","tt0091763","1986","120 min"
"Play Misty for Me","tt0067588","1971","102 min"
"The Player","tt0105151","1992","124 min"
"Playtime","tt0062136","1967","155 min"
"Point Blank","tt0062138","1967","92 min"
"Poltergeist","tt0084516","1982","114 min"
"Ponette","tt0117359","1996","97 min"
"The Postman","tt0110877","1994","108 min"
"The Postman Always Rings Twice","tt0038854","1946","113 min"
"Pretty Baby","tt0078111","1978","110 min"
"Pride and Prejudice","tt0032943","1940","118 min"
"The Pride of the Yankees","tt0035211","1942","128 min"
"Prince of the City","tt0082945","1981","167 min"
"The Prisoner","tt0048512","1955","91 min"
"The Private Life of Henry VIII","tt0024473","1933","97 min"
"Prizzi's Honor","tt0089841","1985","130 min"
"The Producers","tt0063462","1967","88 min"
"Psycho","tt0054215","1960","109 min"
"The Public Enemy","tt0022286","1931","83 min"
"Pulp Fiction","tt0110912","1994","154 min"
"The Purple Rose of Cairo","tt0089853","1985","82 min"
"Pygmalion","tt0030637","1938","89 min"
"Quadrophenia","tt0079766","1979","120 min"
"The Quiet Man","tt0045061","1952","129 min"
"Raging Bull","tt0081398","1980","129 min"
"Indiana Jones and the Raiders of the Lost Ark","tt0082971","1981","115 min"
"Rain Man","tt0095953","1988","133 min"
"Raise the Red Lantern","tt0101640","1991","125 min"
"Raising Arizona","tt0093822","1987","94 min"
"Ran","tt0089881","1985","162 min"
"The Rapture","tt0102757","1991","100 min"
"Rashomon","tt0042876","1950","88 min"
"Re-Animator","tt0089885","1985","104 min"
"Rear Window","tt0047396","1954","112 min"
"Rebecca","tt0032976","1940","130 min"
"Rebel Without a Cause","tt0048545","1955","111 min"
"Three Colors: Red","tt0111495","1994","99 min"
"The Red Badge of Courage","tt0043961","1951","69 min"
"Red River","tt0040724","1948","133 min"
"The Red Shoes","tt0040725","1948","135 min"
"Reds","tt0082979","1981","195 min"
"The Remains of the Day","tt0107943","1993","134 min"
"Repo Man","tt0087995","1984","92 min"
"Repulsion","tt0059646","1965","105 min"
"Reservoir Dogs","tt0105236","1992","99 min"
"The Return of Martin Guerre","tt0084589","1982","112 min"
"Reuben, Reuben","tt0084591","1983","101 min"
"Reversal of Fortune","tt0100486","1990","111 min"
"Richard III","tt0049674","1955","161 min"
"Ride the High Country","tt0056412","1962","94 min"
"Rififi","tt0048021","1955","118 min"
"The Right Stuff","tt0086197","1983","193 min"
"Risky Business","tt0086200","1983","99 min"
"River's Edge","tt0091860","1986","99 min"
"The Road Warrior","tt0082694","1981","96 min"
"RoboCop","tt0093870","1987","102 min"
"Rocco and His Brothers","tt0054248","1960","179 min"
"Roger & Me","tt0098213","1989","91 min"
"Roman Holiday","tt0046250","1953","118 min"
"Romeo and Juliet","tt0028203","1936","125 min"
"Romeo and Juliet","tt0063518","1968","138 min"
"Room at the Top","tt0053226","1959","115 min"
"A Room with a View","tt0091867","1985","117 min"
"The Rose Tattoo","tt0048563","1955","117 min"
"Rosemary's Baby","tt0063522","1968","137 min"
"'Round Midnight","tt0090557","1986","133 min"
"Ruggles of Red Gap","tt0026955","1935","90 min"
"The Rules of the Game","tt0031885","1939","110 min"
"The Ruling Class","tt0069198","1972","154 min"
"Rushmore","tt0128445","1998","93 min"
"Ruthless People","tt0091877","1986","93 min"
"Sahara","tt0036323","1943","97 min"
"Salaam Bombay!","tt0096028","1988","113 min"
"Salesman","tt0064921","1969","91 min"
"Sanjuro","tt0056443","1962","96 min"
"Sansho the Bailiff","tt0047445","1954","124 min"
"Saturday Night and Sunday Morning","tt0054269","1960","89 min"
"Saturday Night Fever","tt0076666","1977","118 min"
"Saving Private Ryan","tt0120815","1998","169 min"
"Say Anything","tt0098258","1989","100 min"
"Sayonara","tt0050933","1957","147 min"
"Scenes from a Marriage","tt0070644","1973","283 min"
"Schindler's List","tt0108052","1993","195 min"
"The Scoundrel","tt0026970","1935","76 min"
"The Search","tt0040765","1948","104 min"
"The Searchers","tt0049730","1956","119 min"
"Secret Honor","tt0088074","1984","90 min"
"Secrets & Lies","tt0117589","1996","136 min"
"Sense and Sensibility","tt0114388","1995","136 min"
"Sergeant York","tt0034167","1941","134 min"
"Serpico","tt0070666","1973","130 min"
"The Servant","tt0057490","1963","116 min"
"The Set-Up","tt0041859","1949","73 min"
"Seven Beauties","tt0075040","1975","116 min"
"Seven Brides for Seven Brothers","tt0047472","1954","102 min"
"Seven Days to Noon","tt0042949","1950","94 min"
"Seven Samurai","tt0047478","1954","207 min"
"Seven Up!","tt0058578","1964","40 min"
"The Seven Year Itch","tt0048605","1955","105 min"
"The Seventh Seal","tt0050976","1957","96 min"
"Sex, Lies, and Videotape","tt0098724","1989","100 min"
"Sexy Beast","tt0203119","2000","89 min"
"Shadow of a Doubt","tt0036342","1943","108 min"
"Shaft","tt0067741","1971","100 min"
"Shakespeare in Love","tt0138097","1998","123 min"
"Shane","tt0046303","1953","118 min"
"She Wore a Yellow Ribbon","tt0041866","1949","104 min"
"Sherman's March","tt0091943","1985","157 min"
"She's Gotta Have It","tt0091939","1986","84 min"
"The Shining","tt0081505","1980","146 min"
"Ship of Fools","tt0059712","1965","149 min"
"Shoah","tt0090015","1985","566 min"
"Shock Corridor","tt0057495","1963","101 min"
"Shoeshine","tt0038913","1946","87 min"
"Shoot the Piano Player","tt0054389","1960","92 min"
"The Shooting Party","tt0088111","1984","98 min"
"The Shootist","tt0075213","1976","100 min"
"The Shop Around the Corner","tt0033045","1940","99 min"
"The Shop on Main Street","tt0059527","1965","128 min"
"A Shot in the Dark","tt0058586","1964","102 min"
"Shrek","tt0126029","2001","90 min"
"Sid and Nancy","tt0091954","1986","112 min"
"The Silence","tt0057611","1963","96 min"
"The Silence of the Lambs","tt0102926","1991","118 min"
"The Silent World","tt0049518","1956","86 min"
"Silk Stockings","tt0050972","1957","117 min"
"Silkwood","tt0086312","1983","131 min"
"Singin' in the Rain","tt0045152","1952","103 min"
"Sitting Pretty","tt0040795","1948","83 min"
"Sleeper","tt0070707","1973","89 min"
"A Slight Case of Murder","tt0030764","1938","85 min"
"Smash Palace","tt0083096","1981","108 min"
"Smile","tt0073722","1975","113 min"
"Smiles of a Summer Night","tt0048641","1955","109 min"
"The Snake Pit","tt0040806","1948","108 min"
"Snow White and the Seven Dwarfs","tt0029583","1937","83 min"
"Some Like It Hot","tt0053291","1959","121 min"
"The Sorrow and the Pity","tt0066904","1969","251 min"
"The Sound of Music","tt0059742","1965","172 min"
"South Pacific","tt0052225","1958","157 min"
"Spartacus","tt0054331","1960","197 min"
"Spellbound","tt0038109","1945","111 min"
"The Spiral Staircase","tt0038975","1946","83 min"
"Spirited Away","tt0245429","2001","125 min"
"Splendor in the Grass","tt0055471","1961","124 min"
"Stage Door","tt0029604","1937","92 min"
"Stagecoach","tt0031971","1939","96 min"
"Stairway to Heaven","tt0038733","1946","104 min"
"Stalag 17","tt0046359","1953","120 min"
"A Star Is Born","tt0029606","1937","111 min"
"Star Trek II: The Wrath of Khan","tt0084726","1982","113 min"
"Star Wars: Episode IV - A New Hope","tt0076759","1977","121 min"
"Starman","tt0088172","1984","115 min"
"The Stars Look Down","tt0031976","1940","110 min"
"State Fair","tt0024610","1933","99 min"
"Stevie","tt0078321","1978","102 min"
"Stolen Kisses","tt0062695","1968","91 min"
"Stop Making Sense","tt0088178","1984","88 min"
"Stormy Monday","tt0096180","1988","93 min"
"The Story of Adele H","tt0073114","1975","96 min"
"Story of G.I. Joe","tt0038120","1945","108 min"
"The Story of Qiu Ju","tt0105197","1992","100 min"
"Story of Women","tt0096336","1988","108 min"
"Storytelling","tt0250081","2001","87 min"
"La Strada","tt0047528","1954","108 min"
"The Straight Story","tt0166896","1999","112 min"
"Straight Time","tt0078326","1978","114 min"
"Stranger Than Paradise","tt0088184","1984","89 min"
"Strangers on a Train","tt0044079","1951","101 min"
"Straw Dogs","tt0067800","1971","113 min"
"A Streetcar Named Desire","tt0044081","1951","122 min"
"Stroszek","tt0075276","1977","115 min"
"Suddenly, Last Summer","tt0053318","1959","114 min"
"The Sugarland Express","tt0072226","1974","110 min"
"Sullivan's Travels","tt0034240","1941","90 min"
"Summer","tt0091830","1986","99 min"
"Summertime","tt0048673","1955","100 min"
"Sunday Bloody Sunday","tt0067805","1971","110 min"
"Sundays and Cybèle","tt0055910","1962","111 min"
"Sunset Blvd.","tt0043014","1950","110 min"
"Suspicion","tt0034248","1941","99 min"
"The Sweet Hereafter","tt0120255","1997","112 min"
"Sweet Smell of Success","tt0051036","1957","96 min"
"Sweet Sweetback's Baadasssss Song","tt0067810","1971","97 min"
"Swept Away","tt0073817","1974","114 min"
"Swing Time","tt0028333","1936","103 min"
"The Taking of Pelham One Two Three","tt0072251","1974","104 min"
"Talk to Her","tt0287467","2002","112 min"
"Tampopo","tt0092048","1985","114 min"
"Taste of Cherry","tt0120265","1997","95 min"
"A Taste of Honey","tt0055506","1961","101 min"
"Taxi Driver","tt0075314","1976","114 min"
"A Taxing Woman","tt0093502","1987","127 min"
"A Taxing Woman's Return","tt0095597","1988","127 min"
"Tell Them Willie Boy Is Here","tt0065079","1969","98 min"
"10","tt0078721","1979","122 min"
"The Ten Commandments","tt0049833","1956","220 min"
"Tender Mercies","tt0086423","1983","92 min"
"The Tender Trap","tt0048705","1955","111 min"
"Terms of Endearment","tt0086425","1983","132 min"
"La Terra Trema","tt0040866","1948","160 min"
"Tess","tt0080009","1979","186 min"
"That Obscure Object of Desire","tt0075824","1977","103 min"
"That's Life!","tt0092079","1986","102 min"
"Thelma & Louise","tt0103074","1991","130 min"
"These Three","tt0028356","1936","93 min"
"They Live by Night","tt0040872","1948","95 min"
"They Shoot Horses, Don't They?","tt0065088","1969","129 min"
"They Were Expendable","tt0038160","1945","135 min"
"They Won't Forget","tt0029658","1937","95 min"
"The Thief of Bagdad","tt0033152","1940","106 min"
"The Thin Blue Line","tt0096257","1988","101 min"
"The Thin Man","tt0025878","1934","91 min"
"The Thin Red Line","tt0120863","1998","170 min"
"The Third Generation","tt0079083","1979","111 min"
"The Third Man","tt0041959","1949","93 min"
"The 39 Steps","tt0026029","1935","86 min"
"Thirty Two Short Films About Glenn Gould","tt0108328","1993","98 min"
"This Is Spinal Tap","tt0088258","1984","82 min"
"This Man Must Die","tt0064861","1969","110 min"
"This Sporting Life","tt0057578","1963","134 min"
"Three Comrades","tt0030865","1938","98 min"
"Three Days of the Condor","tt0073802","1975","117 min"
"Throne of Blood","tt0050613","1957","110 min"
"Whisky Galore!","tt0042040","1949","82 min"
"The Tin Drum","tt0078875","1979","142 min"
"To Be or Not to Be","tt0035446","1942","99 min"
"To Catch a Thief","tt0048728","1955","106 min"
"To Have and Have Not","tt0037382","1944","100 min"
"To Kill a Mockingbird","tt0056592","1962","129 min"
"To Live","tt0110081","1994","133 min"
"Tokyo Story","tt0046438","1953","136 min"
"Tom Jones","tt0057590","1963","129 min"
"Tootsie","tt0084805","1982","116 min"
"Top Hat","tt0027125","1935","101 min"
"Topaz","tt0065112","1969","143 min"
"Topkapi","tt0058672","1964","120 min"
"Total Recall","tt0100802","1990","113 min"
"Touch of Evil","tt0052311","1958","95 min"
"Toy Story","tt0114709","1995","81 min"
"Traffic","tt0181865","2000","147 min"
"The Train","tt0059825","1964","133 min"
"Trainspotting","tt0117951","1996","93 min"
"The Treasure of the Sierra Madre","tt0040897","1948","126 min"
"A Tree Grows in Brooklyn","tt0038190","1945","129 min"
"The Tree of Wooden Clogs","tt0077138","1978","186 min"
"The Trip to Bountiful","tt0090203","1985","108 min"
"Tristana","tt0066491","1970","99 min"
"Trouble in Paradise","tt0023622","1932","83 min"
"The Trouble with Harry","tt0048750","1955","99 min"
"True Grit","tt0065126","1969","128 min"
"True Love","tt0098528","1989","104 min"
"Trust","tt0103130","1990","107 min"
"Tunes of Glory","tt0054412","1960","106 min"
"12 Angry Men","tt0050083","1957","96 min"
"Twelve O'Clock High","tt0041996","1949","132 min"
"Twentieth Century","tt0025919","1934","91 min"
"Two English Girls","tt0066989","1971","130 min"
"2001: A Space Odyssey","tt0062622","1968","149 min"
"Two Women","tt0054749","1960","101 min"
"Ugetsu","tt0046478","1953","96 min"
"Ulzana's Raid","tt0069436","1972","103 min"
"Umberto D.","tt0045274","1952","89 min"
"The Unbearable Lightness of Being","tt0096332","1988","171 min"
"Unforgiven","tt0105695","1992","130 min"
"The Usual Suspects","tt0114814","1995","106 min"
"Vanya on 42nd Street","tt0111590","1994","119 min"
"The Verdict","tt0084855","1982","129 min"
"Vertigo","tt0052357","1958","128 min"
"Videodrome","tt0086541","1983","87 min"
"Violette","tt0078467","1978","124 min"
"Viridiana","tt0055601","1961","90 min"
"Viva Zapata!","tt0045296","1952","113 min"
"The Voice of the Turtle","tt0039969","1947","103 min"
"The Wages of Fear","tt0046268","1953","131 min"
"Waking Life","tt0243017","2001","99 min"
"Walkabout","tt0067959","1971","100 min"
"A Walk in the Sun","tt0038235","1945","117 min"
"The War Game","tt0059894","1966","48 min"
"The War of the Roses","tt0098621","1989","116 min"
"The Warriors","tt0080120","1979","92 min"
"Watch on the Rhine","tt0036515","1943","114 min"
"The Waterdance","tt0105789","1992","106 min"
"The Way We Were","tt0070903","1973","118 min"
"Weekend","tt0062480","1967","105 min"
"Welcome to the Dollhouse","tt0114906","1995","88 min"
"The Well-Digger's Daughter","tt0033603","1940","142 min"
"West Side Story","tt0055614","1961","153 min"
"The Whales of August","tt0094315","1987","90 min"
"What Ever Happened to Baby Jane?","tt0056687","1962","134 min"
"What's Eating Gilbert Grape","tt0108550","1993","118 min"
"What's Up, Doc?","tt0069495","1972","94 min"
"When Harry Met Sally...","tt0098635","1989","95 min"
"White Heat","tt0042041","1949","114 min"
"Who Framed Roger Rabbit","tt0096438","1988","104 min"
"Who's Afraid of Virginia Woolf?","tt0061184","1966","131 min"
"The Wild Bunch","tt0065214","1969","135 min"
"The Wild Child","tt0064285","1970","83 min"
"Wild Reeds","tt0111019","1994","110 min"
"Wild Strawberries","tt0050986","1957","91 min"
"Wilson","tt0037465","1944","154 min"
"Wings of Desire","tt0093191","1987","128 min"
"Wise Blood","tt0080140","1979","106 min"
"The Wizard of Oz","tt0032138","1939","102 min"
"Woman in the Dunes","tt0058625","1964","147 min"
"Woman of the Year","tt0035567","1942","114 min"
"The Women","tt0032143","1939","133 min"
"Women in Love","tt0066579","1969","131 min"
"Women on the Verge of a Nervous Breakdown","tt0095675","1988","88 min"
"Woodstock","tt0066580","1970","184 min"
"Working Girl","tt0096463","1988","113 min"
"The World of Apu","tt0052572","1959","105 min"
"The World of Henry Orient","tt0058756","1964","106 min"
"Written on the Wind","tt0049966","1956","99 min"
"Wuthering Heights","tt0032145","1939","104 min"
"Yankee Doodle Dandy","tt0035575","1942","126 min"
"The Year of Living Dangerously","tt0086617","1982","115 min"
"The Yearling","tt0039111","1946","128 min"
"Yellow Submarine","tt0063823","1968","85 min"
"Yi Yi: A One and a Two...","tt0244316","2000","173 min"
"Yojimbo","tt0055630","1961","110 min"
"You Can Count on Me","tt0203230","2000","111 min"
"You Only Live Once","tt0029808","1937","86 min"
"Young Frankenstein","tt0072431","1974","106 min"
"Young Mr. Lincoln","tt0032155","1939","100 min"
"Y tu mamá también","tt0245574","2001","106 min"
"Z","tt0065234","1969","127 min"
"Zero for Conduct","tt0024803","1933","44 min"
