"ItemTitle","IMDBid","ItemYear","ItemRuntime","Rating","Rated.Date","Seen","Service","Type"
"Judas and the Black Messiah","tt9784798",2021,"126 min",NA,NA,"No",NA,NA
"Nomadland","tt9770150",2020,"107 min","7","Rated on 09 Jul 2021","Yes",NA,NA
"Promising Young Woman","tt9620292",2020,"113 min","7","Rated on 09 Jul 2021","Yes",NA,NA
"Tenet","tt6723592",2020,"150 min","4","Rated on 09 Jul 2021","Yes",NA,NA
"Soul","tt2948372",2020,"100 min","9","Rated on 09 Jul 2021","Yes",NA,NA
"Two Distant Strangers","tt13472984",2020,"32 min",NA,NA,"No",NA,NA
"My Octopus Teacher","tt12888462",2020,"85 min","7","Rated on 09 Jul 2021","Yes",NA,NA
"If Anything Happens I Love You","tt11768948",2020,"13 min",NA,NA,"No",NA,NA
"Colette","tt11643154",2020,"24 min",NA,NA,"No",NA,NA
"Minari","tt10633456",2020,"115 min","9","Rated on 18 Jul 2021","Yes",NA,NA
"Mank","tt10618286",2020,"131 min","7","Rated on 09 Jul 2021","Yes",NA,NA
"Ma Rainey's Black Bottom","tt10514222",2020,"94 min","7","Rated on 09 Jul 2021","Yes",NA,NA
"Another Round","tt10288566",2020,"117 min",NA,NA,"No",NA,NA
"The Father","tt10272386",2020,"97 min",NA,NA,"No",NA,NA
"American Factory","tt9351980",2019,"110 min",NA,NA,"No",NA,NA
"1917","tt8579674",2019,"119 min","9","Rated on 09 Jul 2021","Yes",NA,NA
"The Neighbors' Window","tt8163822",2019,"21 min",NA,NA,"No",NA,NA
"Marriage Story","tt7653254",2019,"137 min","7","Rated on 09 Jul 2021","Yes",NA,NA
"Judy","tt7549996",2019,"118 min","7","Rated on 09 Jul 2021","Yes",NA,NA
"Joker","tt7286456",2019,"122 min",NA,NA,"No",NA,NA
"Once Upon a Time... In Hollywood","tt7131622",2019,"161 min","7","Rated on 09 Jul 2021","Yes",NA,NA
"Hair Love","tt7129636",2019,"7 min",NA,NA,"No",NA,NA
"Parasite","tt6751668",2019,"132 min","9","Rated on 09 Jul 2021","Yes",NA,NA
"Bombshell","tt6394270",2019,"109 min","5","Rated on 09 Jul 2021","Yes",NA,NA
"Sound of Metal","tt5363618",2019,"120 min","9","Rated on 09 Jul 2021","Yes","Prime","Feature Film"
"Little Women","tt3281548",2019,"135 min","8","Rated on 09 Jul 2021","Yes",NA,NA
"Jojo Rabbit","tt2584384",2019,"108 min","6","Rated on 09 Jul 2021","Yes",NA,NA
"Rocketman","tt2066051",2019,"121 min","6","Rated on 09 Jul 2021","Yes",NA,NA
"Toy Story 4","tt1979376",2019,"100 min","7","Rated on 09 Jul 2021","Yes",NA,NA
"Ford v Ferrari","tt1950186",2019,"152 min",NA,NA,"No",NA,NA
"Learning to Skateboard in a Warzone (If You're a Girl)","tt10397932",2019,"39 min",NA,NA,"No",NA,NA
"Bao","tt8075496",2018,"8 min","9","Rated on 09 Jul 2021","Yes",NA,NA
"Free Solo","tt7775622",2018,"100 min",NA,NA,"No",NA,NA
"BlacKkKlansman","tt7349662",2018,"135 min","7","Rated on 09 Jul 2021","Yes",NA,NA
"Skin","tt7332306",2018,"21 min",NA,NA,"No",NA,NA
"If Beale Street Could Talk","tt7125860",2018,"119 min",NA,NA,"No",NA,NA
"Green Book","tt6966692",2018,"130 min",NA,NA,"No",NA,NA
"Period. End of Sentence.","tt6939026",2018,"26 min",NA,NA,"No",NA,NA
"Vice","tt6266538",2018,"132 min","5","Rated on 20 Aug 2021","Yes",NA,NA
"Roma","tt6155172",2018,"135 min",NA,NA,"No",NA,NA
"The Favourite","tt5083738",2018,"119 min","8","Rated on 09 Jul 2021","Yes",NA,NA
"Spider-Man: Into the Spider-Verse","tt4633694",2018,"117 min","10","Rated on 09 Jul 2021","Yes",NA,NA
"Black Panther","tt1825683",2018,"134 min","7","Rated on 09 Jul 2021","Yes",NA,NA
"Bohemian Rhapsody","tt1727824",2018,"134 min","6","Rated on 09 Jul 2021","Yes",NA,NA
"A Star Is Born","tt1517451",2018,"136 min","8","Rated on 09 Jul 2021","Yes",NA,NA
"First Man","tt1213641",2018,"141 min",NA,NA,"No",NA,NA
"Dear Basketball","tt6794476",2017,"6 min",NA,NA,"No",NA,NA
"Icarus","tt6333060",2017,"120 min",NA,NA,"No",NA,NA
"The Silent Child","tt6186970",2017,"20 min",NA,NA,"No",NA,NA
"Phantom Thread","tt5776858",2017,"130 min",NA,NA,"No",NA,NA
"Call Me by Your Name","tt5726616",2017,"132 min","9","Rated on 09 Jul 2021","Yes",NA,NA
"A Fantastic Woman","tt5639354",2017,"104 min",NA,NA,"No",NA,NA
"The Shape of Water","tt5580390",2017,"123 min","9","Rated on 09 Jul 2021","Yes",NA,NA
"I, Tonya","tt5580036",2017,"119 min","8","Rated on 09 Jul 2021","Yes",NA,NA
"Get Out","tt5052448",2017,"104 min","9","Rated on 09 Jul 2021","Yes",NA,NA
"Three Billboards Outside Ebbing, Missouri","tt5027774",2017,"115 min","7","Rated on 09 Jul 2021","Yes",NA,NA
"Dunkirk","tt5013056",2017,"106 min","8","Rated on 09 Jul 2021","Yes",NA,NA
"Darkest Hour","tt4555426",2017,"125 min","7","Rated on 09 Jul 2021","Yes",NA,NA
"Coco","tt2380307",2017,"105 min","9","Rated on 09 Jul 2021","Yes",NA,NA
"Blade Runner 2049","tt1856101",2017,"164 min","8","Rated on 09 Jul 2021","Yes",NA,NA
"The White Helmets","tt6073176",2016,"41 min",NA,NA,"No",NA,NA
"Piper","tt5613056",2016,"6 min",NA,NA,"No",NA,NA
"O.J.: Made in America","tt5275892",2016,"467 min",NA,NA,"No",NA,NA
"The Salesman","tt5186714",2016,"124 min",NA,NA,"No","Prime","Feature Film"
"Heaven is a Traffic Jam on the 405","tt5095260",2016,"40 min",NA,NA,"No",NA,NA
"Moonlight","tt4975722",2016,"111 min","8","Rated on 09 Jul 2021","Yes",NA,NA
"Sing","tt4571288",2016,"25 min",NA,NA,"No",NA,NA
"Manchester by the Sea","tt4034228",2016,"137 min","6","Rated on 09 Jul 2021","Yes","Prime","Feature Film"
"La La Land","tt3783958",2016,"128 min","7","Rated on 09 Jul 2021","Yes",NA,NA
"Fantastic Beasts and Where to Find Them","tt3183660",2016,"132 min","5","Rated on 09 Jul 2021","Yes",NA,NA
"The Jungle Book","tt3040964",2016,"106 min",NA,NA,"No",NA,NA
"Zootopia","tt2948356",2016,"108 min","7","Rated on 09 Jul 2021","Yes",NA,NA
"Fences","tt2671706",2016,"139 min","7","Rated on 09 Jul 2021","Yes",NA,NA
"Arrival","tt2543164",2016,"116 min","6","Rated on 09 Jul 2021","Yes",NA,NA
"Hacksaw Ridge","tt2119532",2016,"139 min",NA,NA,"No",NA,NA
"Suicide Squad","tt1386697",2016,"123 min",NA,NA,"No",NA,NA
"A Girl in the River: The Price of Forgiveness","tt5144072",2015,"40 min",NA,NA,"No",NA,NA
"Stutterer","tt4817576",2015,"12 min",NA,NA,"No",NA,NA
"Son of Saul","tt3808342",2015,"107 min",NA,NA,"No",NA,NA
"Bridge of Spies","tt3682448",2015,"142 min","6","Rated on 09 Jul 2021","Yes",NA,NA
"The Hateful Eight","tt3460252",2015,"168 min","6","Rated on 14 Jul 2021","Yes",NA,NA
"Room","tt3170832",2015,"118 min","7","Rated on 09 Jul 2021","Yes",NA,NA
"Amy","tt2870648",2015,"128 min",NA,NA,"No",NA,NA
"Spectre","tt2379713",2015,"148 min","4","Rated on 09 Jul 2021","Yes",NA,NA
"Inside Out","tt2096673",2015,"95 min","8","Rated on 09 Jul 2021","Yes",NA,NA
"Spotlight","tt1895587",2015,"129 min","8","Rated on 09 Jul 2021","Yes",NA,NA
"The Revenant","tt1663202",2015,"156 min",NA,NA,"No",NA,NA
"The Big Short","tt1596363",2015,"130 min","6","Rated on 09 Jul 2021","Yes",NA,NA
"Mad Max: Fury Road","tt1392190",2015,"120 min","7","Rated on 09 Jul 2021","Yes",NA,NA
"The Danish Girl","tt0810819",2015,"119 min","7","Rated on 09 Jul 2021","Yes",NA,NA
"Citizenfour","tt4044364",2014,"114 min",NA,NA,"No","Prime","Documentary"
"Bear Story","tt3829254",2014,"11 min",NA,NA,"No",NA,NA
"Feast","tt3689498",2014,"6 min",NA,NA,"No",NA,NA
"Still Alice","tt3316960",2014,"101 min",NA,NA,"No",NA,NA
"The Theory of Everything","tt2980516",2014,"123 min","6","Rated on 09 Jul 2021","Yes","Prime","Feature Film"
"Whiplash","tt2582802",2014,"106 min","9","Rated on 22 Dec 2021","Yes",NA,NA
"Birdman or (The Unexpected Virtue of Ignorance)","tt2562232",2014,"119 min","8","Rated on 09 Jul 2021","Yes",NA,NA
"The Grand Budapest Hotel","tt2278388",2014,"99 min","6","Rated on 09 Jul 2021","Yes","Prime","Feature Film"
"Big Hero 6","tt2245084",2014,"102 min","7","Rated on 09 Jul 2021","Yes",NA,NA
"American Sniper","tt2179136",2014,"133 min","6","Rated on 09 Jul 2021","Yes",NA,NA
"The Imitation Game","tt2084970",2014,"114 min","7","Rated on 09 Jul 2021","Yes","Prime","Feature Film"
"Boyhood","tt1065073",2014,"165 min","8","Rated on 09 Jul 2021","Yes",NA,NA
"Selma","tt1020072",2014,"128 min","8","Rated on 09 Jul 2021","Yes",NA,NA
"Interstellar","tt0816692",2014,"169 min","8","Rated on 09 Jul 2021","Yes",NA,NA
"Ex Machina","tt0470752",2014,"108 min","9","Rated on 09 Jul 2021","Yes",NA,NA
"Crisis Hotline: Veterans Press 1","tt3449252",2013,"40 min",NA,NA,"No",NA,NA
"Helium","tt3346410",2013,"23 min",NA,NA,"No",NA,NA
"The Phone Call","tt3071532",2013,"22 min",NA,NA,"No",NA,NA
"Mr Hublot","tt3043542",2013,"11 min",NA,NA,"No",NA,NA
"The Lady in Number 6: Music Saved My Life","tt2924484",2013,"39 min",NA,NA,"No",NA,NA
"Ida","tt2718492",2013,"82 min",NA,NA,"No","Prime","Feature Film"
"Twenty Feet from Stardom","tt2396566",2013,"91 min",NA,NA,"No",NA,NA
"The Great Beauty","tt2358891",2013,"141 min",NA,NA,"No",NA,NA
"Blue Jasmine","tt2334873",2013,"98 min","6","Rated on 09 Jul 2021","Yes",NA,NA
"Frozen","tt2294629",2013,"102 min","7","Rated on 09 Jul 2021","Yes",NA,NA
"12 Years a Slave","tt2024544",2013,"134 min","8","Rated on 09 Jul 2021","Yes",NA,NA
"Her","tt1798709",2013,"126 min","8","Rated on 09 Jul 2021","Yes",NA,NA
"Gravity","tt1454468",2013,"91 min","7","Rated on 09 Jul 2021","Yes",NA,NA
"The Great Gatsby","tt1343092",2013,"143 min","6","Rated on 09 Jul 2021","Yes",NA,NA
"Dallas Buyers Club","tt0790636",2013,"117 min","7","Rated on 20 Aug 2021","Yes",NA,NA
"Paperman","tt2388725",2012,"7 min",NA,NA,"No",NA,NA
"Saving Face","tt2140371",2012,"40 min",NA,NA,"No",NA,NA
"Searching for Sugar Man","tt2125608",2012,"86 min",NA,NA,"No",NA,NA
"Inocente","tt2123210",2012,"40 min",NA,NA,"No",NA,NA
"Curfew","tt2088735",2012,"19 min",NA,NA,"No",NA,NA
"Django Unchained","tt1853728",2012,"165 min","6","Rated on 09 Jul 2021","Yes",NA,NA
"Zero Dark Thirty","tt1790885",2012,"157 min","7","Rated on 09 Jul 2021","Yes",NA,NA
"Anna Karenina","tt1781769",2012,"129 min",NA,NA,"No",NA,NA
"Les Misérables","tt1707386",2012,"158 min","6","Rated on 09 Jul 2021","Yes",NA,NA
"Amour","tt1602620",2012,"127 min",NA,NA,"No",NA,NA
"Brave","tt1217209",2012,"93 min","7","Rated on 09 Jul 2021","Yes",NA,NA
"Skyfall","tt1074638",2012,"143 min","8","Rated on 09 Jul 2021","Yes",NA,NA
"Silver Linings Playbook","tt1045658",2012,"122 min","9","Rated on 09 Jul 2021","Yes",NA,NA
"Argo","tt1024648",2012,"120 min","6","Rated on 09 Jul 2021","Yes",NA,NA
"Life of Pi","tt0454876",2012,"127 min","5","Rated on 14 Jul 2021","Yes",NA,NA
"Lincoln","tt0443272",2012,"150 min",NA,NA,"No",NA,NA
"The Shore","tt2201259",2011,"29 min",NA,NA,"No",NA,NA
"Undefeated","tt1860355",2011,"113 min",NA,NA,"No",NA,NA
"A Separation","tt1832382",2011,"123 min",NA,NA,"No",NA,NA
"The Fantastic Flying Books of Mr. Morris Lessmore","tt1778342",2011,"15 min",NA,NA,"No",NA,NA
"The Artist","tt1655442",2011,"100 min",NA,NA,"No",NA,NA
"Midnight in Paris","tt1605783",2011,"94 min","7","Rated on 09 Jul 2021","Yes",NA,NA
"The Girl with the Dragon Tattoo","tt1568346",2011,"158 min","5","Rated on 09 Jul 2021","Yes",NA,NA
"The Help","tt1454029",2011,"146 min","6","Rated on 09 Jul 2021","Yes",NA,NA
"The Muppets","tt1204342",2011,"103 min","8","Rated on 09 Jul 2021","Yes",NA,NA
"Rango","tt1192628",2011,"107 min",NA,NA,"No",NA,NA
"The Descendants","tt1033575",2011,"115 min","7","Rated on 09 Jul 2021","Yes","Prime","Feature Film"
"The Iron Lady","tt1007029",2011,"105 min","6","Rated on 09 Jul 2021","Yes",NA,NA
"Hugo","tt0970179",2011,"126 min","6","Rated on 09 Jul 2021","Yes",NA,NA
"Strangers No More","tt1754549",2010,"40 min",NA,NA,"No",NA,NA
"The Lost Thing","tt1669698",2010,"15 min",NA,NA,"No",NA,NA
"Inside Job","tt1645089",2010,"109 min",NA,NA,"No",NA,NA
"God of Love","tt1631323",2010,"18 min",NA,NA,"No",NA,NA
"Music by Prudence","tt1543539",2010,"33 min",NA,NA,"No",NA,NA
"Beginners","tt1532503",2010,"105 min",NA,NA,"No",NA,NA
"The King's Speech","tt1504320",2010,"118 min","8","Rated on 09 Jul 2021","Yes",NA,NA
"Inception","tt1375666",2010,"148 min","8","Rated on 09 Jul 2021","Yes",NA,NA
"In a Better World","tt1340107",2010,"118 min",NA,NA,"No",NA,NA
"The Social Network","tt1285016",2010,"120 min","6","Rated on 09 Jul 2021","Yes",NA,NA
"Alice in Wonderland","tt1014759",2010,"108 min","4","Rated on 14 Jul 2021","Yes",NA,NA
"The Fighter","tt0964517",2010,"116 min",NA,NA,"No",NA,NA
"Black Swan","tt0947798",2010,"108 min","9","Rated on 09 Jul 2021","Yes",NA,NA
"The Wolfman","tt0780653",2010,"103 min",NA,NA,"No",NA,NA
"Toy Story 3","tt0435761",2010,"103 min","7","Rated on 09 Jul 2021","Yes",NA,NA
"Logorama","tt1563725",2009,"16 min",NA,NA,"No",NA,NA
"The New Tenants","tt1520428",2009,"21 min",NA,NA,"No",NA,NA
"The Cove","tt1313104",2009,"92 min",NA,NA,"No",NA,NA
"The Secret in Their Eyes","tt1305806",2009,"129 min",NA,NA,"No",NA,NA
"Crazy Heart","tt1263670",2009,"112 min",NA,NA,"No","Prime","Feature Film"
"Up","tt1049413",2009,"96 min","9","Rated on 09 Jul 2021","Yes",NA,NA
"The Young Victoria","tt0962736",2009,"105 min",NA,NA,"No",NA,NA
"Precious","tt0929632",2009,"110 min",NA,NA,"No",NA,NA
"The Blind Side","tt0878804",2009,"129 min","7","Rated on 09 Jul 2021","Yes",NA,NA
"Star Trek","tt0796366",2009,"127 min","7","Rated on 09 Jul 2021","Yes",NA,NA
"Avatar","tt0499549",2009,"162 min","8","Rated on 09 Jul 2021","Yes",NA,NA
"Inglourious Basterds","tt0361748",2009,"153 min","6","Rated on 09 Jul 2021","Yes",NA,NA
"The House of Small Cubes","tt1361566",2008,"12 min",NA,NA,"No",NA,NA
"Smile Pinki","tt1360065",2008,"39 min",NA,NA,"No",NA,NA
"Man on Wire","tt1155592",2008,"94 min","8","Rated on 20 Aug 2021","Yes",NA,NA
"Departures","tt1069238",2008,"130 min",NA,NA,"No",NA,NA
"Milk","tt1013753",2008,"128 min","8","Rated on 19 Jul 2021","Yes",NA,NA
"Slumdog Millionaire","tt1010048",2008,"120 min","8","Rated on 09 Jul 2021","Yes",NA,NA
"The Reader","tt0976051",2008,"124 min","7","Rated on 09 Jul 2021","Yes",NA,NA
"WALL·E","tt0910970",2008,"98 min","9","Rated on 09 Jul 2021","Yes",NA,NA
"The Hurt Locker","tt0887912",2008,"131 min","9","Rated on 09 Jul 2021","Yes",NA,NA
"The Duchess","tt0864761",2008,"110 min",NA,NA,"No",NA,NA
"Vicky Cristina Barcelona","tt0497465",2008,"96 min",NA,NA,"No",NA,NA
"The Dark Knight","tt0468569",2008,"152 min","9","Rated on 11 Jul 2021","Yes",NA,NA
"The Curious Case of Benjamin Button","tt0421715",2008,"166 min","6","Rated on 09 Jul 2021","Yes",NA,NA
"Spielzeugland","tt1280548",2007,"14 min",NA,NA,"No",NA,NA
"Freeheld","tt0914369",2007,"39 min",NA,NA,"No",NA,NA
"Once","tt0907657",2007,"86 min",NA,NA,"No","Prime","Feature Film"
"Taxi to the Dark Side","tt0854678",2007,"106 min",NA,NA,"No",NA,NA
"The Counterfeiters","tt0813547",2007,"99 min",NA,NA,"No",NA,NA
"Atonement","tt0783233",2007,"123 min","5","Rated on 09 Jul 2021","Yes",NA,NA
"No Country for Old Men","tt0477348",2007,"122 min","9","Rated on 09 Jul 2021","Yes",NA,NA
"There Will Be Blood","tt0469494",2007,"158 min","8","Rated on 09 Jul 2021","Yes",NA,NA
"Juno","tt0467406",2007,"96 min","7","Rated on 09 Jul 2021","Yes",NA,NA
"Michael Clayton","tt0465538",2007,"119 min","5","Rated on 09 Jul 2021","Yes",NA,NA
"La Vie En Rose","tt0450188",2007,"140 min","6","Rated on 20 Aug 2021","Yes",NA,NA
"The Bourne Ultimatum","tt0440963",2007,"115 min","6","Rated on 09 Jul 2021","Yes","Prime","Feature Film"
"Elizabeth: The Golden Age","tt0414055",2007,"114 min","5","Rated on 09 Jul 2021","Yes",NA,NA
"Sweeney Todd: The Demon Barber of Fleet Street","tt0408236",2007,"116 min","6","Rated on 09 Jul 2021","Yes",NA,NA
"The Golden Compass","tt0385752",2007,"113 min","5","Rated on 09 Jul 2021","Yes",NA,NA
"Ratatouille","tt0382932",2007,"111 min","8","Rated on 09 Jul 2021","Yes",NA,NA
"The Danish Poet","tt0933357",2006,"15 min",NA,NA,"No",NA,NA
"Peter and The Wolf","tt0863136",2006,"32 min",NA,NA,"No",NA,NA
"The Blood of Yingzhou District","tt0859595",2006,"38 min",NA,NA,"No",NA,NA
"The Mozart of Pickpockets","tt0820971",2006,"31 min",NA,NA,"No",NA,NA
"Letters from Iwo Jima","tt0498380",2006,"141 min",NA,NA,"No",NA,NA
"An Inconvenient Truth","tt0497116",2006,"96 min","7","Rated on 09 Jul 2021","Yes",NA,NA
"Pan's Labyrinth","tt0457430",2006,"118 min","9","Rated on 09 Jul 2021","Yes",NA,NA
"The Last King of Scotland","tt0455590",2006,"123 min","8","Rated on 09 Jul 2021","Yes",NA,NA
"Babel","tt0449467",2006,"143 min","6","Rated on 09 Jul 2021","Yes",NA,NA
"Little Miss Sunshine","tt0449059",2006,"101 min","7","Rated on 09 Jul 2021","Yes","Prime","Feature Film"
"Dreamgirls","tt0443489",2006,"130 min","8","Rated on 09 Jul 2021","Yes",NA,NA
"The Queen","tt0436697",2006,"103 min","7","Rated on 09 Jul 2021","Yes",NA,NA
"Marie Antoinette","tt0422720",2006,"123 min","4","Rated on 09 Jul 2021","Yes",NA,NA
"The Departed","tt0407887",2006,"151 min","6","Rated on 09 Jul 2021","Yes",NA,NA
"The Lives of Others","tt0405094",2006,"137 min","8","Rated on 09 Jul 2021","Yes",NA,NA
"Pirates of the Caribbean: Dead Man's Chest","tt0383574",2006,"151 min","5","Rated on 09 Jul 2021","Yes",NA,NA
"Happy Feet","tt0366548",2006,"108 min","5","Rated on 19 Jul 2021","Yes",NA,NA
"A Note of Triumph: The Golden Age of Norman Corwin","tt0491795",2005,"39 min",NA,NA,"No",NA,NA
"Tsotsi","tt0468565",2005,"94 min",NA,NA,"No",NA,NA
"The Moon and the Son: An Imagined Conversation","tt0449619",2005,"28 min",NA,NA,"No",NA,NA
"West Bank Story","tt0438575",2005,"21 min",NA,NA,"No",NA,NA
"March of the Penguins","tt0428803",2005,"80 min","9","Rated on 09 Jul 2021","Yes",NA,NA
"Hustle & Flow","tt0410097",2005,"116 min",NA,NA,"No",NA,NA
"Memoirs of a Geisha","tt0397535",2005,"145 min","5","Rated on 28 Jul 2021","Yes",NA,NA
"Brokeback Mountain","tt0388795",2005,"134 min","8","Rated on 09 Jul 2021","Yes",NA,NA
"The Constant Gardener","tt0387131",2005,"129 min","5","Rated on 09 Jul 2021","Yes",NA,NA
"Capote","tt0379725",2005,"114 min","7","Rated on 09 Jul 2021","Yes",NA,NA
"Syriana","tt0365737",2005,"128 min","4","Rated on 09 Jul 2021","Yes",NA,NA
"The Chronicles of Narnia: The Lion, the Witch and the Wardrobe","tt0363771",2005,"143 min","4","Rated on 09 Jul 2021","Yes",NA,NA
"King Kong","tt0360717",2005,"187 min",NA,NA,"No",NA,NA
"Walk the Line","tt0358273",2005,"136 min","6","Rated on 09 Jul 2021","Yes",NA,NA
"Wallace & Gromit: The Curse of the Were-Rabbit","tt0312004",2005,"85 min",NA,NA,"No",NA,NA
"Mighty Times: The Children's March","tt0443587",2004,"40 min",NA,NA,"No",NA,NA
"Six Shooter","tt0425458",2004,"27 min",NA,NA,"No",NA,NA
"Ryan","tt0414469",2004,"14 min",NA,NA,"No",NA,NA
"Million Dollar Baby","tt0405159",2004,"132 min","7","Rated on 09 Jul 2021","Yes",NA,NA
"Born Into Brothels: Calcutta's Red Light Kids","tt0388789",2004,"85 min",NA,NA,"No",NA,NA
"Crash","tt0375679",2004,"112 min","6","Rated on 09 Jul 2021","Yes",NA,NA
"Sideways","tt0375063",2004,"127 min","7","Rated on 09 Jul 2021","Yes",NA,NA
"The Sea Inside","tt0369702",2004,"126 min",NA,NA,"No",NA,NA
"Ray","tt0350258",2004,"152 min",NA,NA,"No",NA,NA
"A Series of Unfortunate Events","tt0339291",2004,"108 min","4","Rated on 09 Jul 2021","Yes",NA,NA
"The Aviator","tt0338751",2004,"170 min","5","Rated on 09 Jul 2021","Yes",NA,NA
"Eternal Sunshine of the Spotless Mind","tt0338013",2004,"108 min","5","Rated on 09 Jul 2021","Yes",NA,NA
"The Motorcycle Diaries","tt0318462",2004,"126 min","6","Rated on 09 Jul 2021","Yes",NA,NA
"The Incredibles","tt0317705",2004,"115 min","8","Rated on 09 Jul 2021","Yes",NA,NA
"Spider-Man 2","tt0316654",2004,"127 min","3","Rated on 09 Jul 2021","Yes",NA,NA
"Finding Neverland","tt0308644",2004,"106 min","7","Rated on 09 Jul 2021","Yes",NA,NA
"Chernobyl Heart","tt0396959",2003,"39 min",NA,NA,"No",NA,NA
"Wasp","tt0388534",2003,"26 min",NA,NA,"No",NA,NA
"Harvie Krumpet","tt0382734",2003,"23 min",NA,NA,"No",NA,NA
"Twin Towers","tt0344503",2003,"34 min",NA,NA,"No",NA,NA
"Monster","tt0340855",2003,"109 min",NA,NA,"No","Prime","Feature Film"
"The Barbarian Invasions","tt0338135",2003,"99 min",NA,NA,"No",NA,NA
"Lost in Translation","tt0335266",2003,"102 min","6","Rated on 09 Jul 2021","Yes",NA,NA
"Mystic River","tt0327056",2003,"138 min","7","Rated on 09 Jul 2021","Yes",NA,NA
"The Fog of War","tt0317910",2003,"107 min","8","Rated on 09 Jul 2021","Yes",NA,NA
"Master and Commander: The Far Side of the World","tt0311113",2003,"138 min","8","Rated on 09 Jul 2021","Yes",NA,NA
"Two Soldiers","tt0304858",2003,"40 min",NA,NA,"No",NA,NA
"Finding Nemo","tt0266543",2003,"100 min","8","Rated on 09 Jul 2021","Yes",NA,NA
"The Lord of the Rings: The Return of the King","tt0167260",2003,"201 min","7","Rated on 09 Jul 2021","Yes",NA,NA
"Cold Mountain","tt0159365",2003,"154 min","6","Rated on 09 Jul 2021","Yes",NA,NA
"This Charming Man","tt0340071",2002,"30 min",NA,NA,"No",NA,NA
"The Chubbchubbs!","tt0331218",2002,"6 min",NA,NA,"No",NA,NA
"Bowling for Columbine","tt0310793",2002,"120 min","8","Rated on 09 Jul 2021","Yes","Prime","Documentary"
"Chicago","tt0299658",2002,"113 min","7","Rated on 09 Jul 2021","Yes",NA,NA
"Thoth","tt0299178",2002,"40 min",NA,NA,"No",NA,NA
"8 Mile","tt0298203",2002,"110 min","6","Rated on 09 Jul 2021","Yes",NA,NA
"Talk to Her","tt0287467",2002,"112 min",NA,NA,"No",NA,NA
"The Hours","tt0274558",2002,"110 min","6","Rated on 09 Jul 2021","Yes",NA,NA
"Adaptation.","tt0268126",2002,"115 min","5","Rated on 09 Jul 2021","Yes",NA,NA
"Road to Perdition","tt0257044",2002,"117 min","6","Rated on 09 Jul 2021","Yes","Prime","Feature Film"
"The Pianist","tt0253474",2002,"150 min","8","Rated on 09 Jul 2021","Yes",NA,NA
"The Lord of the Rings: The Two Towers","tt0167261",2002,"179 min","7","Rated on 14 Jul 2021","Yes",NA,NA
"Frida","tt0120679",2002,"123 min",NA,NA,"No",NA,NA
"Murder on a Sunday Morning","tt0307197",2001,"111 min",NA,NA,"No",NA,NA
"Monster's Ball","tt0285742",2001,"111 min",NA,NA,"No",NA,NA
"No Man's Land","tt0283509",2001,"98 min",NA,NA,"No",NA,NA
"Iris","tt0280778",2001,"91 min",NA,NA,"No",NA,NA
"Gosford Park","tt0280707",2001,"137 min","6","Rated on 09 Jul 2021","Yes",NA,NA
"A Beautiful Mind","tt0268978",2001,"135 min","6","Rated on 09 Jul 2021","Yes",NA,NA
"Black Hawk Down","tt0265086",2001,"144 min","6","Rated on 09 Jul 2021","Yes",NA,NA
"Spirited Away","tt0245429",2001,"125 min","8","Rated on 09 Jul 2021","Yes",NA,NA
"The Accountant","tt0222675",2001,"35 min",NA,NA,"No",NA,NA
"Pearl Harbor","tt0213149",2001,"183 min","4","Rated on 09 Jul 2021","Yes",NA,NA
"Moulin Rouge!","tt0203009",2001,"127 min","7","Rated on 09 Jul 2021","Yes",NA,NA
"Monsters, Inc.","tt0198781",2001,"92 min","8","Rated on 09 Jul 2021","Yes",NA,NA
"Nowhere in Africa","tt0161860",2001,"141 min",NA,NA,"No",NA,NA
"Training Day","tt0139654",2001,"122 min",NA,NA,"No",NA,NA
"Shrek","tt0126029",2001,"90 min","7","Rated on 09 Jul 2021","Yes",NA,NA
"The Lord of the Rings: The Fellowship of the Ring","tt0120737",2001,"178 min","7","Rated on 09 Jul 2021","Yes",NA,NA
"Big Mama","tt0280353",2000,"35 min",NA,NA,"No",NA,NA
"Father and Daughter","tt0279079",2000,"8 min",NA,NA,"No",NA,NA
"Into the Arms of Strangers: Stories of the Kindertransport","tt0248912",2000,"122 min",NA,NA,"No",NA,NA
"For the Birds","tt0248808",2000,"3 min","7","Rated on 09 Jul 2021","Yes",NA,NA
"Quiero ser (I want to be...)","tt0216131",2000,"35 min",NA,NA,"No",NA,NA
"Erin Brockovich","tt0195685",2000,"131 min","7","Rated on 09 Jul 2021","Yes",NA,NA
"Crouching Tiger, Hidden Dragon","tt0190332",2000,"120 min","8","Rated on 09 Jul 2021","Yes",NA,NA
"Wonder Boys","tt0185014",2000,"107 min",NA,NA,"No",NA,NA
"Pollock","tt0183659",2000,"122 min","5","Rated on 05 Oct 2021","Yes",NA,NA
"Almost Famous","tt0181875",2000,"122 min","9","Rated on 09 Jul 2021","Yes",NA,NA
"Traffic","tt0181865",2000,"147 min","5","Rated on 09 Jul 2021","Yes",NA,NA
"Gladiator","tt0172495",2000,"155 min","6","Rated on 09 Jul 2021","Yes",NA,NA
"How the Grinch Stole Christmas","tt0170016",2000,"104 min","4","Rated on 14 Jul 2021","Yes",NA,NA
"U-571","tt0141926",2000,"116 min",NA,NA,"No",NA,NA
"King Gimp","tt0239528",1999,"39 min",NA,NA,"No",NA,NA
"One Day in September","tt0230591",1999,"94 min",NA,NA,"No",NA,NA
"The Old Man and the Sea","tt0207639",1999,"20 min",NA,NA,"No",NA,NA
"All About My Mother","tt0185125",1999,"101 min",NA,NA,"No",NA,NA
"The Personals","tt0176018",1999,"40 min",NA,NA,"No",NA,NA
"Girl, Interrupted","tt0172493",1999,"127 min","6","Rated on 15 Jul 2021","Yes",NA,NA
"Boys Don't Cry","tt0171804",1999,"118 min","8","Rated on 15 Jul 2021","Yes",NA,NA
"American Beauty","tt0169547",1999,"122 min","9","Rated on 09 Jul 2021","Yes",NA,NA
"Sleepy Hollow","tt0162661",1999,"105 min","6","Rated on 09 Jul 2021","Yes",NA,NA
"Topsy-Turvy","tt0151568",1999,"160 min",NA,NA,"No",NA,NA
"The Matrix","tt0133093",1999,"136 min","8","Rated on 09 Jul 2021","Yes",NA,NA
"The Cider House Rules","tt0124315",1999,"126 min","6","Rated on 09 Jul 2021","Yes",NA,NA
"Tarzan","tt0120855",1999,"88 min","6","Rated on 09 Jul 2021","Yes",NA,NA
"Election Night","tt0189179",1998,"11 min",NA,NA,"No",NA,NA
"Bunny","tt0179011",1998,"7 min",NA,NA,"No",NA,NA
"My Mother Dreams the Satan's Disciples in New York","tt0177023",1998,"30 min",NA,NA,"No",NA,NA
"The Last Days","tt0174852",1998,"87 min",NA,NA,"No",NA,NA
"Shakespeare in Love","tt0138097",1998,"123 min","6","Rated on 09 Jul 2021","Yes",NA,NA
"Elizabeth","tt0127536",1998,"124 min","6","Rated on 09 Jul 2021","Yes",NA,NA
"What Dreams May Come","tt0120889",1998,"113 min","4","Rated on 15 Jul 2021","Yes",NA,NA
"Saving Private Ryan","tt0120815",1998,"169 min","9","Rated on 09 Jul 2021","Yes","Prime","Feature Film"
"The Red Violin","tt0120802",1998,"130 min",NA,NA,"No","Prime","Feature Film"
"The Prince of Egypt","tt0120794",1998,"99 min","6","Rated on 09 Jul 2021","Yes",NA,NA
"Gods and Monsters","tt0120684",1998,"105 min","9","Rated on 18 Nov 2021","Yes",NA,NA
"Visas and Virtue","tt0141963",1997,"26 min",NA,NA,"No",NA,NA
"A Story of Healing","tt0141858",1997,"28 min",NA,NA,"No",NA,NA
"Geri's Game","tt0131409",1997,"4 min",NA,NA,"No",NA,NA
"Titanic","tt0120338",1997,"194 min","7","Rated on 09 Jul 2021","Yes",NA,NA
"As Good as It Gets","tt0119822",1997,"139 min","8","Rated on 09 Jul 2021","Yes",NA,NA
"Men in Black","tt0119654",1997,"98 min","8","Rated on 09 Jul 2021","Yes",NA,NA
"The Long Way Home","tt0119561",1997,"120 min",NA,NA,"No",NA,NA
"L.A. Confidential","tt0119488",1997,"138 min",NA,NA,"No",NA,NA
"Character","tt0119448",1997,"122 min",NA,NA,"No",NA,NA
"Good Will Hunting","tt0119217",1997,"126 min","7","Rated on 09 Jul 2021","Yes",NA,NA
"The Full Monty","tt0119164",1997,"91 min",NA,NA,"No",NA,NA
"Life Is Beautiful","tt0118799",1997,"116 min",NA,NA,"No",NA,NA
"Affliction","tt0118564",1997,"114 min",NA,NA,"No","Prime","Feature Film"
"When We Were Kings","tt0118147",1996,"88 min",NA,NA,"No",NA,NA
"Sling Blade","tt0117666",1996,"135 min",NA,NA,"No",NA,NA
"Shine","tt0117631",1996,"105 min",NA,NA,"No",NA,NA
"Quest","tt0117419",1996,"12 min",NA,NA,"No",NA,NA
"The Nutty Professor","tt0117218",1996,"95 min","6","Rated on 09 Jul 2021","Yes",NA,NA
"Kolya","tt0116790",1996,"105 min",NA,NA,"No",NA,NA
"Jerry Maguire","tt0116695",1996,"139 min","7","Rated on 09 Jul 2021","Yes",NA,NA
"Independence Day","tt0116629",1996,"145 min","6","Rated on 09 Jul 2021","Yes",NA,NA
"The Ghost and the Darkness","tt0116409",1996,"110 min","4","Rated on 15 Aug 2021","Yes",NA,NA
"Fargo","tt0116282",1996,"98 min","8","Rated on 11 Jul 2021","Yes","Prime","Feature Film"
"Evita","tt0116250",1996,"135 min","6","Rated on 09 Jul 2021","Yes",NA,NA
"The English Patient","tt0116209",1996,"162 min","7","Rated on 09 Jul 2021","Yes",NA,NA
"Emma","tt0116191",1996,"120 min","5","Rated on 09 Jul 2021","Yes",NA,NA
"Dear Diary","tt0116058",1996,"22 min",NA,NA,"No",NA,NA
"Breathing Lessons: The Life and Work of Mark O'Brien","tt0115753",1996,"35 min",NA,NA,"No",NA,NA
"The Usual Suspects","tt0114814",1995,"106 min","8","Rated on 09 Jul 2021","Yes","Prime","Feature Film"
"Sense and Sensibility","tt0114388",1995,"136 min","8","Rated on 09 Jul 2021","Yes",NA,NA
"Restoration","tt0114272",1995,"117 min",NA,NA,"No",NA,NA
"Pocahontas","tt0114148",1995,"81 min","4","Rated on 09 Jul 2021","Yes",NA,NA
"One Survivor Remembers","tt0114044",1995,"39 min",NA,NA,"No",NA,NA
"Mighty Aphrodite","tt0113819",1995,"95 min",NA,NA,"No",NA,NA
"Lieberman in Love","tt0113653",1995,"39 min",NA,NA,"No",NA,NA
"Leaving Las Vegas","tt0113627",1995,"111 min",NA,NA,"No",NA,NA
"Dead Man Walking","tt0112818",1995,"122 min",NA,NA,"No",NA,NA
"A Close Shave","tt0112691",1995,"30 min",NA,NA,"No",NA,NA
"Braveheart","tt0112573",1995,"178 min","7","Rated on 15 Jul 2021","Yes",NA,NA
"Babe","tt0112431",1995,"91 min","6","Rated on 09 Jul 2021","Yes",NA,NA
"Apollo 13","tt0112384",1995,"140 min","8","Rated on 09 Jul 2021","Yes",NA,NA
"Antonia's Line","tt0112379",1995,"102 min",NA,NA,"No",NA,NA
"Anne Frank Remembered","tt0112373",1995,"117 min",NA,NA,"No",NA,NA
"Burnt by the Sun","tt0111579",1994,"135 min",NA,NA,"No",NA,NA
"Trevor","tt0111486",1994,"23 min",NA,NA,"No",NA,NA
"A Time for Justice","tt0111436",1994,"38 min",NA,NA,"No",NA,NA
"Speed","tt0111257",1994,"116 min",NA,NA,"No",NA,NA
"Pulp Fiction","tt0110912",1994,"154 min","8","Rated on 09 Jul 2021","Yes",NA,NA
"The Postman","tt0110877",1994,"108 min",NA,NA,"No",NA,NA
"Maya Lin: A Strong Clear Vision","tt0110480",1994,"105 min",NA,NA,"No",NA,NA
"The Madness of King George","tt0110428",1994,"110 min",NA,NA,"No",NA,NA
"The Lion King","tt0110357",1994,"88 min","9","Rated on 09 Jul 2021","Yes",NA,NA
"Legends of the Fall","tt0110322",1994,"133 min",NA,NA,"No",NA,NA
"Forrest Gump","tt0109830",1994,"142 min","8","Rated on 09 Jul 2021","Yes",NA,NA
"Ed Wood","tt0109707",1994,"127 min",NA,NA,"No",NA,NA
"Bullets Over Broadway","tt0109348",1994,"98 min",NA,NA,"No",NA,NA
"Blue Sky","tt0109306",1994,"101 min",NA,NA,"No",NA,NA
"The Adventures of Priscilla, Queen of the Desert","tt0109045",1994,"104 min",NA,NA,"No","Prime","Feature Film"
"Defending Our Lives","tt0106694",1994,"42 min",NA,NA,"No",NA,NA
"The Wrong Trousers","tt0108598",1993,"30 min",NA,NA,"No",NA,NA
"Black Rider","tt0108056",1993,"12 min",NA,NA,"No",NA,NA
"Schindler's List","tt0108052",1993,"195 min","8","Rated on 09 Jul 2021","Yes",NA,NA
"The Piano","tt0107822",1993,"121 min",NA,NA,"No",NA,NA
"Philadelphia","tt0107818",1993,"125 min","7","Rated on 14 Jul 2021","Yes","Prime","Feature Film"
"Mrs. Doubtfire","tt0107614",1993,"125 min","6","Rated on 09 Jul 2021","Yes",NA,NA
"Jurassic Park","tt0107290",1993,"127 min","9","Rated on 09 Jul 2021","Yes",NA,NA
"I Am a Promise: The Children of Stanton Elementary School","tt0107177",1993,"89 min",NA,NA,"No",NA,NA
"The Fugitive","tt0106977",1993,"130 min",NA,NA,"No",NA,NA
"Franz Kafka's It's a Wonderful Life","tt0106961",1993,"23 min",NA,NA,"No",NA,NA
"Bob's Birthday","tt0106446",1993,"12 min",NA,NA,"No",NA,NA
"The Age of Innocence","tt0106226",1993,"139 min",NA,NA,"No",NA,NA
"Unforgiven","tt0105695",1992,"130 min",NA,NA,"No",NA,NA
"Scent of a Woman","tt0105323",1992,"156 min",NA,NA,"No",NA,NA
"A River Runs Through It","tt0105265",1992,"123 min","8","Rated on 09 Jul 2021","Yes",NA,NA
"The Panama Deception","tt0105089",1992,"91 min",NA,NA,"No",NA,NA
"Omnibus","tt0105051",1992,"8 min",NA,NA,"No",NA,NA
"My Cousin Vinny","tt0104952",1992,"120 min","5","Rated on 14 Jul 2021","Yes",NA,NA
"Mona Lisa Descending a Staircase","tt0104908",1992,"7 min",NA,NA,"No",NA,NA
"The Last of the Mohicans","tt0104691",1992,"112 min",NA,NA,"No",NA,NA
"Indochine","tt0104507",1992,"160 min",NA,NA,"No",NA,NA
"Howards End","tt0104454",1992,"142 min",NA,NA,"No",NA,NA
"Educating Peter","tt0104167",1992,"30 min",NA,NA,"No",NA,NA
"Death Becomes Her","tt0104070",1992,"104 min","7","Rated on 09 Jul 2021","Yes",NA,NA
"The Crying Game","tt0104036",1992,"112 min",NA,NA,"No",NA,NA
"Dracula","tt0103874",1992,"128 min",NA,NA,"No",NA,NA
"Belle Epoque","tt0103791",1992,"109 min",NA,NA,"No",NA,NA
"Aladdin","tt0103639",1992,"90 min","6","Rated on 09 Jul 2021","Yes",NA,NA
"Session Man","tt0108086",1991,"31 min",NA,NA,"No",NA,NA
"Thelma & Louise","tt0103074",1991,"130 min","9","Rated on 09 Jul 2021","Yes",NA,NA
"Terminator 2: Judgment Day","tt0103064",1991,"137 min","8","Rated on 09 Jul 2021","Yes",NA,NA
"The Silence of the Lambs","tt0102926",1991,"118 min","9","Rated on 09 Jul 2021","Yes","Prime","Feature Film"
"Mediterraneo","tt0102426",1991,"96 min",NA,NA,"No",NA,NA
"Manipulation","tt0102392",1991,"7 min",NA,NA,"No",NA,NA
"JFK","tt0102138",1991,"189 min","6","Rated on 14 Oct 2021","Yes",NA,NA
"In the Shadow of the Stars","tt0102114",1991,"93 min",NA,NA,"No",NA,NA
"The Fisher King","tt0101889",1991,"137 min","6","Rated on 20 Aug 2021","Yes",NA,NA
"Deadly Deception: General Electric, Nuclear Weapons and Our Environment","tt0101683",1991,"27 min",NA,NA,"No",NA,NA
"City Slickers","tt0101587",1991,"113 min","4","Rated on 14 Jul 2021","Yes",NA,NA
"Bugsy","tt0101516",1991,"136 min",NA,NA,"No",NA,NA
"Beauty and the Beast","tt0101414",1991,"84 min","8","Rated on 09 Jul 2021","Yes",NA,NA
"Days of Waiting","tt0099372",1991,"28 min",NA,NA,"No",NA,NA
"Reversal of Fortune","tt0100486",1990,"111 min",NA,NA,"No",NA,NA
"Journey of Hope","tt0100470",1990,"105 min",NA,NA,"No",NA,NA
"Misery","tt0100157",1990,"107 min",NA,NA,"No",NA,NA
"The Hunt for Red October","tt0099810",1990,"135 min","8","Rated on 09 Jul 2021","Yes",NA,NA
"Goodfellas","tt0099685",1990,"146 min","9","Rated on 07 Aug 2021","Yes",NA,NA
"Ghost","tt0099653",1990,"127 min","7","Rated on 09 Jul 2021","Yes",NA,NA
"Dick Tracy","tt0099422",1990,"105 min",NA,NA,"No",NA,NA
"Dances with Wolves","tt0099348",1990,"181 min","7","Rated on 15 Jul 2021","Yes","Prime","Feature Film"
"Cyrano de Bergerac","tt0099334",1990,"137 min",NA,NA,"No",NA,NA
"American Dream","tt0099028",1990,"98 min",NA,NA,"No",NA,NA
"The Lunch Date","tt0100076",1989,"12 min",NA,NA,"No",NA,NA
"Creature Comforts","tt0099317",1989,"5 min",NA,NA,"No",NA,NA
"Work Experience","tt0098677",1989,"11 min",NA,NA,"No",NA,NA
"My Left Foot","tt0097937",1989,"103 min",NA,NA,"No",NA,NA
"The Little Mermaid","tt0097757",1989,"83 min","7","Rated on 09 Jul 2021","Yes",NA,NA
"The Johnstown Flood","tt0097628",1989,"26 min",NA,NA,"No",NA,NA
"Indiana Jones and the Last Crusade","tt0097576",1989,"127 min","8","Rated on 09 Jul 2021","Yes",NA,NA
"Henry V","tt0097499",1989,"137 min",NA,NA,"No",NA,NA
"Glory","tt0097441",1989,"122 min",NA,NA,"No",NA,NA
"Driving Miss Daisy","tt0097239",1989,"99 min","7","Rated on 09 Jul 2021","Yes",NA,NA
"Dead Poets Society","tt0097165",1989,"128 min","7","Rated on 14 Jul 2021","Yes","Prime","Feature Film"
"Common Threads: Stories from the Quilt","tt0097099",1989,"79 min",NA,NA,"No",NA,NA
"Born on the Fourth of July","tt0096969",1989,"145 min",NA,NA,"No",NA,NA
"Batman","tt0096895",1989,"126 min","6","Rated on 09 Jul 2021","Yes",NA,NA
"Balance","tt0096880",1989,"7 min",NA,NA,"No",NA,NA
"The Abyss","tt0096754",1989,"140 min",NA,NA,"No",NA,NA
"You Don't Have to Die","tt0096484",1988,"27 min",NA,NA,"No",NA,NA
"Working Girl","tt0096463",1988,"113 min","6","Rated on 09 Jul 2021","Yes",NA,NA
"Who Framed Roger Rabbit","tt0096438",1988,"104 min","8","Rated on 09 Jul 2021","Yes",NA,NA
"Tin Toy","tt0096273",1988,"5 min",NA,NA,"No",NA,NA
"Rain Man","tt0095953",1988,"133 min","8","Rated on 09 Jul 2021","Yes",NA,NA
"Cinema Paradiso","tt0095765",1988,"155 min",NA,NA,"No",NA,NA
"Mississippi Burning","tt0095647",1988,"128 min",NA,NA,"No",NA,NA
"The Milagro Beanfield War","tt0095638",1988,"117 min",NA,NA,"No",NA,NA
"Hôtel Terminus","tt0095341",1988,"267 min",NA,NA,"No",NA,NA
"A Fish Called Wanda","tt0095159",1988,"108 min","6","Rated on 09 Jul 2021","Yes",NA,NA
"Dangerous Liaisons","tt0094947",1988,"119 min","7","Rated on 09 Jul 2021","Yes",NA,NA
"Bird","tt0094747",1988,"161 min",NA,NA,"No",NA,NA
"Beetlejuice","tt0094721",1988,"92 min","7","Rated on 09 Jul 2021","Yes",NA,NA
"The Appointments of Dennis Jennings","tt0094670",1988,"29 min",NA,NA,"No",NA,NA
"The Accused","tt0094608",1988,"111 min",NA,NA,"No",NA,NA
"The Accidental Tourist","tt0094606",1988,"121 min",NA,NA,"No",NA,NA
"Young at Heart","tt0094363",1987,"29 min",NA,NA,"No",NA,NA
"Wall Street","tt0094291",1987,"126 min","6","Rated on 09 Jul 2021","Yes",NA,NA
"The Untouchables","tt0094226",1987,"119 min",NA,NA,"No",NA,NA
"American Masters","tt0364151",1985,"56 min",NA,NA,"No",NA,NA
"Ray's Male Heterosexual Dance Hall","tt0093826",1987,"23 min",NA,NA,"No",NA,NA
"Pelle the Conqueror","tt0093713",1987,"157 min",NA,NA,"No","Prime","Feature Film"
"Moonstruck","tt0093565",1987,"102 min","8","Rated on 09 Jul 2021","Yes",NA,NA
"The Man Who Planted Trees","tt0093488",1987,"30 min",NA,NA,"No",NA,NA
"The Last Emperor","tt0093389",1987,"163 min",NA,NA,"No",NA,NA
"Innerspace","tt0093260",1987,"120 min",NA,NA,"No",NA,NA
"Harry and the Hendersons","tt0093148",1987,"110 min",NA,NA,"No",NA,NA
"Dirty Dancing","tt0092890",1987,"100 min","8","Rated on 09 Jul 2021","Yes",NA,NA
"Babette's Feast","tt0092603",1987,"103 min",NA,NA,"No",NA,NA
"Women - for America, for the World","tt0092235",1986,"30 min",NA,NA,"No",NA,NA
"Top Gun","tt0092099",1986,"110 min","8","Rated on 09 Jul 2021","Yes",NA,NA
"Precious Images","tt0091787",1986,"8 min",NA,NA,"No",NA,NA
"Platoon","tt0091763",1986,"120 min","7","Rated on 14 Oct 2021","Yes",NA,NA
"The Mission","tt0091530",1986,"125 min",NA,NA,"No",NA,NA
"Hannah and Her Sisters","tt0091167",1986,"107 min",NA,NA,"No",NA,NA
"The Fly","tt0091064",1986,"96 min",NA,NA,"No",NA,NA
"Down and Out in America","tt0090965",1986,"57 min",NA,NA,"No",NA,NA
"The Color of Money","tt0090863",1986,"119 min","7","Rated on 09 Jul 2021","Yes",NA,NA
"Children of a Lesser God","tt0090830",1986,"119 min",NA,NA,"No",NA,NA
"Aliens","tt0090605",1986,"137 min","7","Rated on 09 Jul 2021","Yes",NA,NA
"The Assault","tt0090576",1986,"144 min",NA,NA,"No",NA,NA
"'Round Midnight","tt0090557",1986,"133 min",NA,NA,"No",NA,NA
"A Room with a View","tt0091867",1985,"117 min",NA,NA,"No",NA,NA
"A Greek Tragedy","tt0091152",1985,"7 min",NA,NA,"No",NA,NA
"Witness to War: Dr. Charlie Clements","tt0090330",1985,"29 min",NA,NA,"No",NA,NA
"Witness","tt0090329",1985,"112 min",NA,NA,"No",NA,NA
"White Nights","tt0090319",1985,"136 min","7","Rated on 22 Jul 2021","Yes",NA,NA
"The Trip to Bountiful","tt0090203",1985,"108 min",NA,NA,"No","Prime","Feature Film"
"Ran","tt0089881",1985,"162 min",NA,NA,"No",NA,NA
"Prizzi's Honor","tt0089841",1985,"130 min",NA,NA,"No",NA,NA
"Out of Africa","tt0089755",1985,"161 min","5","Rated on 16 Sep 2021","Yes",NA,NA
"Molly's Pilgrim","tt0089612",1985,"24 min",NA,NA,"No",NA,NA
"Mask","tt0089560",1985,"120 min","7","Rated on 09 Jul 2021","Yes",NA,NA
"Kiss of the Spider Woman","tt0089424",1985,"120 min",NA,NA,"No",NA,NA
"The Official Story","tt0089276",1985,"112 min",NA,NA,"No",NA,NA
"Cocoon","tt0088933",1985,"117 min",NA,NA,"No",NA,NA
"Broken Rainbow","tt0088857",1985,"70 min",NA,NA,"No",NA,NA
"Back to the Future","tt0088763",1985,"116 min","8","Rated on 09 Jul 2021","Yes",NA,NA
"Artie Shaw: Time Is All You've Got","tt0088740",1985,"114 min",NA,NA,"No",NA,NA
"Up","tt0088332",1985,"14 min",NA,NA,"No",NA,NA
"Anna & Bella","tt0088725",1984,"8 min",NA,NA,"No",NA,NA
"The Woman in Red","tt0088414",1984,"87 min",NA,NA,"No",NA,NA
"The Times of Harvey Milk","tt0088275",1984,"90 min",NA,NA,"No",NA,NA
"The Stone Carvers","tt0088177",1984,"30 min",NA,NA,"No",NA,NA
"Purple Rain","tt0087957",1984,"111 min","8","Rated on 09 Jul 2021","Yes",NA,NA
"Places in the Heart","tt0087921",1984,"111 min",NA,NA,"No",NA,NA
"A Passage to India","tt0087892",1984,"164 min",NA,NA,"No",NA,NA
"The Killing Fields","tt0087553",1984,"141 min",NA,NA,"No",NA,NA
"Indiana Jones and the Temple of Doom","tt0087469",1984,"118 min","9","Rated on 09 Jul 2021","Yes",NA,NA
"Dangerous Moves","tt0087144",1984,"100 min",NA,NA,"No","Prime","Feature Film"
"Charade","tt0087040",1984,"5 min",NA,NA,"No",NA,NA
"Amadeus","tt0086879",1984,"160 min","8","Rated on 09 Jul 2021","Yes",NA,NA
"Yentl","tt0086619",1983,"133 min",NA,NA,"No",NA,NA
"Terms of Endearment","tt0086425",1983,"132 min",NA,NA,"No",NA,NA
"Tender Mercies","tt0086423",1983,"92 min",NA,NA,"No",NA,NA
"Sundae in New York","tt0086388",1983,"4 min",NA,NA,"No",NA,NA
"The Right Stuff","tt0086197",1983,"193 min","8","Rated on 09 Jul 2021","Yes",NA,NA
"He Makes Me Feel Like Dancin'","tt0085655",1983,"51 min",NA,NA,"No",NA,NA
"Flashdance","tt0085549",1983,"95 min","7","Rated on 09 Jul 2021","Yes",NA,NA
"Flamenco at 5:15","tt0085548",1983,"29 min",NA,NA,"No",NA,NA
"Boys and Girls","tt0083688",1983,"22 min",NA,NA,"No",NA,NA
"The Year of Living Dangerously","tt0086617",1982,"115 min",NA,NA,"No",NA,NA
"Volver a empezar","tt0084874",1982,"87 min",NA,NA,"No",NA,NA
"Victor Victoria","tt0084865",1982,"134 min",NA,NA,"No",NA,NA
"Tootsie","tt0084805",1982,"116 min",NA,NA,"No",NA,NA
"Sophie's Choice","tt0084707",1982,"150 min",NA,NA,"No",NA,NA
"A Shocking Accident","tt0084672",1982,"25 min",NA,NA,"No",NA,NA
"An Officer and a Gentleman","tt0084434",1982,"124 min","6","Rated on 17 Oct 2021","Yes",NA,NA
"Missing","tt0084335",1982,"122 min",NA,NA,"No",NA,NA
"If You Love This Planet","tt0084118",1982,"26 min",NA,NA,"No",NA,NA
"Gandhi","tt0083987",1982,"191 min","6","Rated on 16 Sep 2021","Yes",NA,NA
"Fanny and Alexander","tt0083922",1982,"188 min",NA,NA,"No",NA,NA
"E.T. the Extra-Terrestrial","tt0083866",1982,"115 min","8","Rated on 09 Jul 2021","Yes",NA,NA
"Violet","tt0083293",1982,"31 min",NA,NA,"No",NA,NA
"Genocide","tt0082443",1982,"90 min",NA,NA,"No","Prime","Documentary"
"Tango","tt0084764",1981,"8 min",NA,NA,"No",NA,NA
"Reds","tt0082979",1981,"195 min",NA,NA,"No",NA,NA
"Indiana Jones and the Raiders of the Lost Ark","tt0082971",1981,"115 min","9","Rated on 09 Jul 2021","Yes",NA,NA
"On Golden Pond","tt0082846",1981,"109 min","7","Rated on 09 Jul 2021","Yes","Prime","Feature Film"
"Mephisto","tt0082736",1981,"144 min",NA,NA,"No",NA,NA
"Quest for Fire","tt0082484",1981,"100 min",NA,NA,"No",NA,NA
"Close Harmony","tt0082187",1981,"30 min",NA,NA,"No",NA,NA
"Chariots of Fire","tt0082158",1981,"125 min","7","Rated on 14 Oct 2021","Yes",NA,NA
"Arthur","tt0082031",1981,"97 min","7","Rated on 17 Oct 2021","Yes",NA,NA
"An American Werewolf in London","tt0082010",1981,"97 min","9","Rated on 09 Jul 2021","Yes",NA,NA
"The Dollar Bottom","tt0080643",1981,"33 min",NA,NA,"No",NA,NA
"Crac","tt0082209",1980,"15 min",NA,NA,"No",NA,NA
"Raging Bull","tt0081398",1980,"129 min",NA,NA,"No",NA,NA
"Ordinary People","tt0081283",1980,"124 min","8","Rated on 22 Jul 2021","Yes",NA,NA
"Melvin and Howard","tt0081150",1980,"95 min",NA,NA,"No",NA,NA
"The Fly","tt0081040",1980,"3 min",NA,NA,"No",NA,NA
"Karl Hess: Toward Liberty","tt0080987",1980,"26 min",NA,NA,"No",NA,NA
"Fame","tt0080716",1980,"134 min","7","Rated on 09 Jul 2021","Yes",NA,NA
"Star Wars: Episode V - The Empire Strikes Back","tt0080684",1980,"124 min","8","Rated on 09 Jul 2021","Yes",NA,NA
"Coal Miner's Daughter","tt0080549",1980,"124 min",NA,NA,"No",NA,NA
"Moscow Does Not Believe in Tears","tt0079579",1980,"150 min",NA,NA,"No",NA,NA
"Board and Care","tt0078885",1980,"27 min",NA,NA,"No",NA,NA
"From Mao to Mozart: Isaac Stern in China","tt0080762",1979,"84 min",NA,NA,"No",NA,NA
"Tess","tt0080009",1979,"186 min",NA,NA,"No",NA,NA
"Paul Robeson: Tribute to an Artist","tt0079704",1979,"30 min",NA,NA,"No",NA,NA
"Norma Rae","tt0079638",1979,"114 min",NA,NA,"No",NA,NA
"A Little Romance","tt0079477",1979,"110 min",NA,NA,"No",NA,NA
"Kramer vs. Kramer","tt0079417",1979,"105 min",NA,NA,"No",NA,NA
"Every Child","tt0079126",1979,"6 min",NA,NA,"No",NA,NA
"Breaking Away","tt0078902",1979,"101 min",NA,NA,"No",NA,NA
"The Tin Drum","tt0078875",1979,"142 min",NA,NA,"No",NA,NA
"Best Boy","tt0078850",1979,"111 min",NA,NA,"No",NA,NA
"Being There","tt0078841",1979,"130 min",NA,NA,"No",NA,NA
"Apocalypse Now","tt0078788",1979,"147 min","9","Rated on 09 Jul 2021","Yes",NA,NA
"All That Jazz","tt0078754",1979,"123 min","8","Rated on 14 Jul 2021","Yes",NA,NA
"Alien","tt0078748",1979,"117 min","9","Rated on 09 Jul 2021","Yes","Prime","Feature Film"
"Special Delivery","tt0206312",1978,"7 min",NA,NA,"No",NA,NA
"Thank God It's Friday","tt0078382",1978,"89 min",NA,NA,"No","Prime","Feature Film"
"Teenage Father","tt0078372",1978,"25 min",NA,NA,"No",NA,NA
"Scared Straight!","tt0078205",1978,"96 min",NA,NA,"No",NA,NA
"Get Out Your Handkerchiefs","tt0078122",1978,"108 min",NA,NA,"No",NA,NA
"Midnight Express","tt0077928",1978,"121 min",NA,NA,"No",NA,NA
"Heaven Can Wait","tt0077663",1978,"101 min",NA,NA,"No",NA,NA
"The Flight of the Gossamer Condor","tt0077564",1978,"27 min",NA,NA,"No",NA,NA
"The Deer Hunter","tt0077416",1978,"183 min",NA,NA,"No",NA,NA
"Death on the Nile","tt0077413",1978,"140 min",NA,NA,"No",NA,NA
"Days of Heaven","tt0077405",1978,"94 min",NA,NA,"No",NA,NA
"Coming Home","tt0077362",1978,"127 min",NA,NA,"No",NA,NA
"California Suite","tt0077289",1978,"103 min",NA,NA,"No",NA,NA
"The Buddy Holly Story","tt0077280",1978,"114 min",NA,NA,"No",NA,NA
"You Light Up My Life","tt0076941",1977,"90 min",NA,NA,"No",NA,NA
"Who Are the DeBolts? and Where Did They Get Nineteen Kids?","tt0076918",1977,"72 min",NA,NA,"No",NA,NA
"Star Wars: Episode IV - A New Hope","tt0076759",1977,"121 min","8","Rated on 09 Jul 2021","Yes",NA,NA
"Madame Rosa","tt0076348",1977,"105 min",NA,NA,"No",NA,NA
"A Little Night Music","tt0076319",1977,"124 min",NA,NA,"No",NA,NA
"Julia","tt0076245",1977,"117 min",NA,NA,"No",NA,NA
"I'll Find a Way","tt0076173",1977,"26 min",NA,NA,"No",NA,NA
"Gravity Is My Enemy","tt0076105",1977,"26 min",NA,NA,"No",NA,NA
"The Goodbye Girl","tt0076095",1977,"111 min",NA,NA,"No",NA,NA
"Close Encounters of the Third Kind","tt0075860",1977,"138 min","8","Rated on 14 Aug 2021","Yes",NA,NA
"The Sand Castle","tt0075847",1977,"13 min",NA,NA,"No",NA,NA
"Annie Hall","tt0075686",1977,"93 min",NA,NA,"No",NA,NA
"The Fifth Estate","tt0169446",1976,"60 min",NA,NA,"No",NA,NA
"A Star Is Born","tt0075265",1976,"139 min","7","Rated on 09 Jul 2021","Yes",NA,NA
"Rocky","tt0075148",1976,"120 min","8","Rated on 09 Jul 2021","Yes",NA,NA
"The Omen","tt0075005",1976,"111 min",NA,NA,"No",NA,NA
"Number Our Days","tt0074987",1976,"28 min",NA,NA,"No",NA,NA
"Black and White in Color","tt0074972",1976,"90 min",NA,NA,"No","Prime","Feature Film"
"Network","tt0074958",1976,"121 min",NA,NA,"No",NA,NA
"Leisure","tt0074787",1976,"14 min",NA,NA,"No",NA,NA
"In the Region of Ice","tt0074675",1976,"37 min",NA,NA,"No",NA,NA
"Harlan County U.S.A.","tt0074605",1976,"103 min",NA,NA,"No",NA,NA
"Fellini's Casanova","tt0074291",1976,"155 min",NA,NA,"No",NA,NA
"Bound for Glory","tt0074235",1976,"147 min",NA,NA,"No",NA,NA
"All the President's Men","tt0074119",1976,"138 min","8","Rated on 09 Jul 2021","Yes",NA,NA
"The End of the Game","tt0072939",1976,"29 min",NA,NA,"No",NA,NA
"Angel and Big Joe","tt0072646",1976,"27 min",NA,NA,"No",NA,NA
"The Sunshine Boys","tt0073766",1975,"111 min",NA,NA,"No",NA,NA
"Shampoo","tt0073692",1975,"110 min",NA,NA,"No",NA,NA
"One Flew Over the Cuckoo's Nest","tt0073486",1975,"133 min",NA,NA,"No",NA,NA
"Nashville","tt0073440",1975,"160 min",NA,NA,"No",NA,NA
"The Man Who Skied Down Everest","tt0073340",1975,"86 min",NA,NA,"No","Prime","Documentary"
"Jaws","tt0073195",1975,"124 min","9","Rated on 09 Jul 2021","Yes",NA,NA
"Great (Isambard Kingdom Brunel)","tt0073068",1975,"30 min",NA,NA,"No",NA,NA
"Dog Day Afternoon","tt0072890",1975,"125 min",NA,NA,"No",NA,NA
"Barry Lyndon","tt0072684",1975,"185 min","7","Rated on 09 Jul 2021","Yes",NA,NA
"Don't","tt0071430",1975,"19 min",NA,NA,"No",NA,NA
"Dersu Uzala","tt0071411",1975,"142 min",NA,NA,"No",NA,NA
"The Towering Inferno","tt0072308",1974,"165 min",NA,NA,"No",NA,NA
"One-Eyed Men Are Kings","tt0071943",1974,"15 min",NA,NA,"No",NA,NA
"Murder on the Orient Express","tt0071877",1974,"128 min","6","Rated on 11 Jul 2021","Yes",NA,NA
"Hearts and Minds","tt0071604",1974,"112 min",NA,NA,"No",NA,NA
"Harry and Tonto","tt0071598",1974,"115 min",NA,NA,"No",NA,NA
"The Great Gatsby","tt0071577",1974,"144 min","7","Rated on 09 Jul 2021","Yes",NA,NA
"The Godfather: Part II","tt0071562",1974,"202 min","9","Rated on 09 Jul 2021","Yes",NA,NA
"Earthquake","tt0071455",1974,"122 min",NA,NA,"No",NA,NA
"Closed Mondays","tt0071337",1974,"8 min",NA,NA,"No",NA,NA
"Chinatown","tt0071315",1974,"130 min",NA,NA,"No",NA,NA
"Alice Doesn't Live Here Anymore","tt0071115",1974,"112 min","7","Rated on 11 Nov 2021","Yes",NA,NA
"Princeton: A Search for Answers","tt0070561",1974,"30 min",NA,NA,"No",NA,NA
"The Great American Cowboy","tt0070135",1974,"89 min",NA,NA,"No",NA,NA
"Amarcord","tt0071129",1973,"123 min","8","Rated on 11 Jul 2021","Yes",NA,NA
"The Way We Were","tt0070903",1973,"118 min",NA,NA,"No",NA,NA
"A Touch of Class","tt0070819",1973,"106 min",NA,NA,"No",NA,NA
"The Sting","tt0070735",1973,"129 min",NA,NA,"No",NA,NA
"Save the Tiger","tt0070640",1973,"100 min",NA,NA,"No",NA,NA
"Paper Moon","tt0070510",1973,"102 min",NA,NA,"No","Prime","Feature Film"
"The Paper Chase","tt0070509",1973,"113 min",NA,NA,"No",NA,NA
"Day for Night","tt0070460",1973,"116 min",NA,NA,"No",NA,NA
"Frank Film","tt0070071",1973,"9 min",NA,NA,"No",NA,NA
"The Exorcist","tt0070047",1973,"122 min","9","Rated on 09 Jul 2021","Yes",NA,NA
"The Bolero","tt0069812",1973,"26 min",NA,NA,"No",NA,NA
"Cries & Whispers","tt0069467",1972,"91 min",NA,NA,"No",NA,NA
"Travels with My Aunt","tt0069404",1972,"108 min",NA,NA,"No",NA,NA
"Deze kleine wereld","tt0069373",1972,"15 min",NA,NA,"No",NA,NA
"The Poseidon Adventure","tt0069113",1972,"117 min",NA,NA,"No",NA,NA
"Norman Rockwell's World... An American Dream","tt0069020",1972,"25 min",NA,NA,"No",NA,NA
"Marjoe","tt0068924",1972,"88 min",NA,NA,"No",NA,NA
"The Godfather","tt0068646",1972,"175 min","8","Rated on 09 Jul 2021","Yes",NA,NA
"The Discreet Charm of the Bourgeoisie","tt0068361",1972,"102 min","8","Rated on 08 Nov 2021","Yes",NA,NA
"The Candidate","tt0068334",1972,"110 min",NA,NA,"No",NA,NA
"Cabaret","tt0068327",1972,"124 min","9","Rated on 09 Jul 2021","Yes",NA,NA
"Butterflies Are Free","tt0068326",1972,"109 min",NA,NA,"No",NA,NA
"A Christmas Carol","tt0068373",1971,"28 min",NA,NA,"No",NA,NA
"Summer of '42","tt0067803",1971,"104 min",NA,NA,"No",NA,NA
"Shaft","tt0067741",1971,"100 min",NA,NA,"No",NA,NA
"Sentinels of Silence","tt0067733",1971,"18 min",NA,NA,"No",NA,NA
"Nicholas and Alexandra","tt0067483",1971,"183 min",NA,NA,"No","Prime","Feature Film"
"The Last Picture Show","tt0067328",1971,"118 min",NA,NA,"No",NA,NA
"Klute","tt0067309",1971,"114 min",NA,NA,"No",NA,NA
"The Hospital","tt0067217",1971,"103 min",NA,NA,"No","Prime","Feature Film"
"The Hellstrom Chronicle","tt0067197",1971,"90 min",NA,NA,"No",NA,NA
"The French Connection","tt0067116",1971,"104 min",NA,NA,"No",NA,NA
"Fiddler on the Roof","tt0067093",1971,"181 min",NA,NA,"No",NA,NA
"The Crunch Bird","tt0066959",1971,"2 min",NA,NA,"No",NA,NA
"Bedknobs and Broomsticks","tt0066817",1971,"117 min","6","Rated on 19 Sep 2021","Yes",NA,NA
"Interviews with My Lai Veterans","tt0065894",1971,"22 min",NA,NA,"No",NA,NA
"Woodstock","tt0066580",1970,"184 min",NA,NA,"No",NA,NA
"Tora! Tora! Tora!","tt0066473",1970,"144 min",NA,NA,"No",NA,NA
"Ryan's Daughter","tt0066319",1970,"200 min",NA,NA,"No",NA,NA
"The Resurrection of Broncho Billy","tt0066294",1970,"23 min",NA,NA,"No",NA,NA
"Patton","tt0066206",1970,"172 min",NA,NA,"No",NA,NA
"MASH","tt0066026",1970,"116 min",NA,NA,"No",NA,NA
"Lovers and Other Strangers","tt0066016",1970,"104 min",NA,NA,"No",NA,NA
"Love Story","tt0066011",1970,"100 min",NA,NA,"No",NA,NA
"Is It Always Right to Be Right?","tt0065901",1970,"8 min",NA,NA,"No",NA,NA
"Investigation of a Citizen Above Suspicion","tt0065889",1970,"115 min",NA,NA,"No",NA,NA
"The Garden of the Finzi-Continis","tt0065777",1970,"94 min",NA,NA,"No",NA,NA
"Cromwell","tt0065593",1970,"139 min",NA,NA,"No","Prime","Feature Film"
"Airport","tt0065377",1970,"137 min",NA,NA,"No",NA,NA
"Women in Love","tt0066579",1969,"131 min",NA,NA,"No",NA,NA
"Let It Be","tt0065976",1969,"81 min",NA,NA,"No",NA,NA
"Z","tt0065234",1969,"127 min",NA,NA,"No",NA,NA
"True Grit","tt0065126",1969,"128 min",NA,NA,"No",NA,NA
"They Shoot Horses, Don't They?","tt0065088",1969,"129 min","8","Rated on 09 Jul 2021","Yes",NA,NA
"The Prime of Miss Jean Brodie","tt0064840",1969,"116 min",NA,NA,"No",NA,NA
"Midnight Cowboy","tt0064665",1969,"113 min",NA,NA,"No",NA,NA
"Marooned","tt0064639",1969,"134 min",NA,NA,"No",NA,NA
"The Magic Machines","tt0064623",1969,"15 min",NA,NA,"No",NA,NA
"It's Tough to Be a Bird","tt0064504",1969,"21 min",NA,NA,"No",NA,NA
"Hello, Dolly!","tt0064418",1969,"146 min",NA,NA,"No",NA,NA
"Czechoslovakia 1918-1968","tt0064200",1969,"13 min",NA,NA,"No",NA,NA
"Cactus Flower","tt0064117",1969,"104 min",NA,NA,"No",NA,NA
"Butch Cassidy and the Sundance Kid","tt0064115",1969,"110 min","8","Rated on 09 Jul 2021","Yes",NA,NA
"L'amour de la vie - Artur Rubinstein","tt0064043",1969,"91 min",NA,NA,"No",NA,NA
"Anne of the Thousand Days","tt0064030",1969,"145 min",NA,NA,"No",NA,NA
"Journey Into Self","tt0063160",1969,"47 min",NA,NA,"No",NA,NA
"Winnie the Pooh and the Blustery Day","tt0063819",1968,"25 min",NA,NA,"No",NA,NA
"Why Man Creates","tt0063804",1968,"29 min",NA,NA,"No",NA,NA
"The Thomas Crown Affair","tt0063688",1968,"102 min","6","Rated on 09 Jul 2021","Yes",NA,NA
"The Subject Was Roses","tt0063654",1968,"107 min",NA,NA,"No",NA,NA
"Rosemary's Baby","tt0063522",1968,"137 min","9","Rated on 09 Jul 2021","Yes",NA,NA
"Romeo and Juliet","tt0063518",1968,"138 min",NA,NA,"No",NA,NA
"Robert Kennedy Remembered","tt0063514",1968,"30 min",NA,NA,"No",NA,NA
"Oliver!","tt0063385",1968,"153 min",NA,NA,"No",NA,NA
"The Lion in Winter","tt0063227",1968,"134 min",NA,NA,"No",NA,NA
"Funny Girl","tt0062994",1968,"151 min","8","Rated on 09 Jul 2021","Yes","Prime","Feature Film"
"Charly","tt0062794",1968,"103 min",NA,NA,"No",NA,NA
"Bullitt","tt0062765",1968,"114 min",NA,NA,"No",NA,NA
"2001: A Space Odyssey","tt0062622",1968,"149 min","10","Rated on 09 Jul 2021","Yes",NA,NA
"The Producers","tt0063462",1967,"88 min","7","Rated on 09 Jul 2021","Yes",NA,NA
"Thoroughly Modern Millie","tt0062362",1967,"138 min","2","Rated on 11 Aug 2021","Yes",NA,NA
"The Anderson Platoon","tt0062244",1967,"65 min",NA,NA,"No",NA,NA
"The Redwoods","tt0062184",1967,"21 min",NA,NA,"No",NA,NA
"A Place to Stand","tt0062131",1967,"17 min",NA,NA,"No",NA,NA
"In the Heat of the Night","tt0061811",1967,"110 min",NA,NA,"No",NA,NA
"Guess Who's Coming to Dinner","tt0061735",1967,"108 min","8","Rated on 16 Sep 2021","Yes",NA,NA
"The Graduate","tt0061722",1967,"106 min","8","Rated on 09 Jul 2021","Yes",NA,NA
"Doctor Dolittle","tt0061584",1967,"152 min",NA,NA,"No",NA,NA
"The Dirty Dozen","tt0061578",1967,"150 min",NA,NA,"No",NA,NA
"Cool Hand Luke","tt0061512",1967,"127 min","7","Rated on 09 Jul 2021","Yes",NA,NA
"Camelot","tt0061439",1967,"179 min",NA,NA,"No",NA,NA
"The Box","tt0061421",1967,"9 min",NA,NA,"No",NA,NA
"Bonnie and Clyde","tt0061418",1967,"111 min","8","Rated on 17 Sep 2021","Yes",NA,NA
"A Year Toward Tomorrow","tt0061205",1966,"25 min",NA,NA,"No",NA,NA
"Who's Afraid of Virginia Woolf?","tt0061184",1966,"131 min",NA,NA,"No",NA,NA
"A Man and a Woman","tt0061138",1966,"102 min",NA,NA,"No",NA,NA
"Closely Watched Trains","tt0060802",1966,"92 min",NA,NA,"No",NA,NA
"A Man for All Seasons","tt0060665",1966,"120 min","8","Rated on 14 Oct 2021","Yes",NA,NA
"A Herb Alpert & the Tijuana Brass Double Feature","tt0060503",1966,"6 min",NA,NA,"No",NA,NA
"Grand Prix","tt0060472",1966,"176 min",NA,NA,"No",NA,NA
"A Funny Thing Happened on the Way to the Forum","tt0060438",1966,"99 min",NA,NA,"No","Prime","Feature Film"
"The Fortune Cookie","tt0060424",1966,"125 min",NA,NA,"No",NA,NA
"Fantastic Voyage","tt0060397",1966,"100 min",NA,NA,"No",NA,NA
"Born Free","tt0060182",1966,"95 min",NA,NA,"No",NA,NA
"The War Game","tt0059894",1966,"48 min",NA,NA,"No",NA,NA
"War and Peace","tt0063794",1965,"422 min",NA,NA,"No",NA,NA
"Wild Wings","tt0061192",1965,"34 min",NA,NA,"No",NA,NA
"Thunderball","tt0059800",1965,"130 min","6","Rated on 09 Jul 2021","Yes",NA,NA
"A Thousand Clowns","tt0059798",1965,"118 min",NA,NA,"No",NA,NA
"The Sound of Music","tt0059742",1965,"172 min","9","Rated on 09 Jul 2021","Yes",NA,NA
"Ship of Fools","tt0059712",1965,"149 min",NA,NA,"No","Prime","Feature Film"
"The Sandpiper","tt0059674",1965,"117 min",NA,NA,"No",NA,NA
"A Patch of Blue","tt0059573",1965,"105 min",NA,NA,"No",NA,NA
"The Shop on Main Street","tt0059527",1965,"128 min",NA,NA,"No",NA,NA
"The Great Race","tt0059243",1965,"160 min",NA,NA,"No",NA,NA
"The Eleanor Roosevelt Story","tt0059145",1965,"90 min",NA,NA,"No",NA,NA
"The Dot and the Line: A Romance in Lower Mathematics","tt0059122",1965,"10 min",NA,NA,"No",NA,NA
"Doctor Zhivago","tt0059113",1965,"197 min",NA,NA,"No",NA,NA
"Darling","tt0059084",1965,"128 min",NA,NA,"No",NA,NA
"Cat Ballou","tt0059017",1965,"97 min",NA,NA,"No",NA,NA
"To Be Alive!","tt0059814",1964,"18 min",NA,NA,"No",NA,NA
"Topkapi","tt0058672",1964,"120 min",NA,NA,"No","Prime","Feature Film"
"The Pink Phink","tt0058472",1964,"7 min",NA,NA,"No",NA,NA
"Nine from Little Rock","tt0058410",1964,"20 min",NA,NA,"No",NA,NA
"The Night of the Iguana","tt0058404",1964,"125 min",NA,NA,"No",NA,NA
"My Fair Lady","tt0058385",1964,"170 min","7","Rated on 10 Aug 2021","Yes",NA,NA
"World Without Sun","tt0058364",1964,"93 min",NA,NA,"No",NA,NA
"Mary Poppins","tt0058331",1964,"139 min","9","Rated on 09 Jul 2021","Yes",NA,NA
"Goldfinger","tt0058150",1964,"110 min","6","Rated on 09 Jul 2021","Yes",NA,NA
"Father Goose","tt0058092",1964,"118 min",NA,NA,"No",NA,NA
"Casals Conducts: 1964","tt0057922",1964,"20 min",NA,NA,"No",NA,NA
"Becket","tt0057877",1964,"148 min",NA,NA,"No","Prime","Feature Film"
"Zorba the Greek","tt0057831",1964,"142 min",NA,NA,"No",NA,NA
"Le poulet","tt0059613",1963,"15 min",NA,NA,"No",NA,NA
"The V.I.P.s","tt0057634",1963,"119 min",NA,NA,"No",NA,NA
"Tom Jones","tt0057590",1963,"129 min",NA,NA,"No",NA,NA
"Robert Frost: A Lover's Quarrel with the World","tt0057459",1963,"41 min",NA,NA,"No",NA,NA
"Papa's Delicate Condition","tt0057400",1963,"98 min",NA,NA,"No",NA,NA
"Lilies of the Field","tt0057251",1963,"94 min",NA,NA,"No",NA,NA
"It's a Mad Mad Mad Mad World","tt0057193",1963,"210 min",NA,NA,"No",NA,NA
"Irma la Douce","tt0057187",1963,"147 min",NA,NA,"No","Prime","Feature Film"
"Yesterday, Today and Tomorrow","tt0057171",1963,"119 min",NA,NA,"No",NA,NA
"Hud","tt0057163",1963,"112 min","8","Rated on 14 Jul 2021","Yes",NA,NA
"The Critic","tt0056965",1963,"4 min",NA,NA,"No",NA,NA
"Cleopatra","tt0056937",1963,"192 min","7","Rated on 22 Aug 2021","Yes",NA,NA
"Chagall","tt0056920",1963,"25 min",NA,NA,"No",NA,NA
"America America","tt0056825",1963,"174 min",NA,NA,"No",NA,NA
"8½","tt0056801",1963,"138 min",NA,NA,"No",NA,NA
"The Wonderful World of the Brothers Grimm","tt0056700",1962,"135 min",NA,NA,"No",NA,NA
"What Ever Happened to Baby Jane?","tt0056687",1962,"134 min","9","Rated on 09 Jul 2021","Yes",NA,NA
"To Kill a Mockingbird","tt0056592",1962,"129 min","8","Rated on 09 Jul 2021","Yes",NA,NA
"Sweet Bird of Youth","tt0056541",1962,"120 min",NA,NA,"No",NA,NA
"The Music Man","tt0056262",1962,"151 min","8","Rated on 09 Jul 2021","Yes",NA,NA
"The Miracle Worker","tt0056241",1962,"106 min",NA,NA,"No",NA,NA
"The Longest Day","tt0056197",1962,"178 min",NA,NA,"No",NA,NA
"Lawrence of Arabia","tt0056172",1962,"228 min","9","Rated on 09 Jul 2021","Yes",NA,NA
"How the West Was Won","tt0056085",1962,"164 min",NA,NA,"No",NA,NA
"The Hole","tt0056075",1962,"15 min",NA,NA,"No",NA,NA
"Happy Anniversary","tt0056066",1962,"15 min",NA,NA,"No",NA,NA
"Sundays and Cybèle","tt0055910",1962,"111 min",NA,NA,"No",NA,NA
"Days of Wine and Roses","tt0055895",1962,"117 min",NA,NA,"No",NA,NA
"Black Fox: The True Story of Adolf Hitler","tt0055801",1962,"89 min",NA,NA,"No",NA,NA
"Occurrence at Owl Creek Bridge","tt0056300",1961,"28 min",NA,NA,"No",NA,NA
"A Tribute to Dylan Thomas","tt0055943",1961,"30 min",NA,NA,"No",NA,NA
"Divorce Italian Style","tt0055913",1961,"105 min",NA,NA,"No",NA,NA
"West Side Story","tt0055614",1961,"153 min","8","Rated on 29 Dec 2021","Yes",NA,NA
"Through a Glass Darkly","tt0055499",1961,"90 min",NA,NA,"No",NA,NA
"Splendor in the Grass","tt0055471",1961,"124 min",NA,NA,"No",NA,NA
"Seawards the Great Ships","tt0055420",1961,"28 min",NA,NA,"No",NA,NA
"Project Hope","tt0055333",1961,"30 min",NA,NA,"No",NA,NA
"Judgment at Nuremberg","tt0055031",1961,"179 min",NA,NA,"No",NA,NA
"The Hustler","tt0054997",1961,"134 min","6","Rated on 19 Sep 2021","Yes",NA,NA
"The Guns of Navarone","tt0054953",1961,"158 min",NA,NA,"No",NA,NA
"The Substitute","tt0054854",1961,"10 min",NA,NA,"No",NA,NA
"Breakfast at Tiffany's","tt0054698",1961,"115 min","7","Rated on 09 Jul 2021","Yes",NA,NA
"Munro","tt0054100",1961,"9 min",NA,NA,"No",NA,NA
"Le ciel et la boue","tt0053714",1961,"92 min",NA,NA,"No",NA,NA
"The Horse with the Flying Tail","tt0054993",1960,"48 min",NA,NA,"No",NA,NA
"Two Women","tt0054749",1960,"101 min",NA,NA,"No","Prime","Feature Film"
"The Time Machine","tt0054387",1960,"103 min",NA,NA,"No",NA,NA
"Spartacus","tt0054331",1960,"197 min","8","Rated on 09 Jul 2021","Yes",NA,NA
"Sons and Lovers","tt0054326",1960,"103 min",NA,NA,"No",NA,NA
"Song Without End","tt0054324",1960,"141 min",NA,NA,"No",NA,NA
"Never on Sunday","tt0054198",1960,"97 min",NA,NA,"No",NA,NA
"The Virgin Spring","tt0053976",1960,"89 min",NA,NA,"No",NA,NA
"Giuseppina","tt0053866",1960,"32 min",NA,NA,"No",NA,NA
"The Facts of Life","tt0053810",1960,"103 min",NA,NA,"No",NA,NA
"Exodus","tt0053804",1960,"208 min",NA,NA,"No",NA,NA
"Elmer Gantry","tt0053793",1960,"146 min",NA,NA,"No",NA,NA
"La Dolce Vita","tt0053779",1960,"174 min",NA,NA,"No",NA,NA
"Day of the Painter","tt0053753",1960,"15 min",NA,NA,"No",NA,NA
"BUtterfield 8","tt0053622",1960,"109 min","7","Rated on 09 Jul 2021","Yes",NA,NA
"The Apartment","tt0053604",1960,"125 min","8","Rated on 09 Jul 2021","Yes",NA,NA
"The Alamo","tt0053580",1960,"162 min",NA,NA,"No","Prime","Feature Film"
"Some Like It Hot","tt0053291",1959,"121 min","8","Rated on 09 Jul 2021","Yes",NA,NA
"Serengeti","tt0053268",1959,"85 min",NA,NA,"No",NA,NA
"Room at the Top","tt0053226",1959,"115 min",NA,NA,"No",NA,NA
"Porgy and Bess","tt0053182",1959,"138 min",NA,NA,"No",NA,NA
"Pillow Talk","tt0053172",1959,"102 min","6","Rated on 09 Jul 2021","Yes",NA,NA
"Black Orpheus","tt0053146",1959,"100 min",NA,NA,"No",NA,NA
"Moonbird","tt0053080",1959,"10 min",NA,NA,"No",NA,NA
"A Hole in the Head","tt0052896",1959,"120 min",NA,NA,"No",NA,NA
"The Golden Fish","tt0052855",1959,"19 min",NA,NA,"No",NA,NA
"The Diary of Anne Frank","tt0052738",1959,"180 min",NA,NA,"No",NA,NA
"Ben-Hur","tt0052618",1959,"212 min","8","Rated on 09 Jul 2021","Yes",NA,NA
"Glass","tt0052852",1958,"11 min",NA,NA,"No",NA,NA
"Tom Thumb","tt0052427",1958,"98 min",NA,NA,"No",NA,NA
"White Wilderness","tt0052389",1958,"72 min",NA,NA,"No",NA,NA
"South Pacific","tt0052225",1958,"157 min",NA,NA,"No",NA,NA
"Separate Tables","tt0052182",1958,"100 min","8","Rated on 01 Nov 2021","Yes",NA,NA
"The Old Man and the Sea","tt0052027",1958,"86 min",NA,NA,"No",NA,NA
"Knighty Knight Bugs","tt0051825",1958,"6 min",NA,NA,"No",NA,NA
"I Want to Live!","tt0051758",1958,"120 min",NA,NA,"No",NA,NA
"Grand Canyon","tt0051677",1958,"29 min",NA,NA,"No",NA,NA
"Gigi","tt0051658",1958,"115 min","6","Rated on 20 Sep 2021","Yes",NA,NA
"The Defiant Ones","tt0051525",1958,"96 min",NA,NA,"No","Prime","Feature Film"
"The Big Country","tt0051411",1958,"166 min",NA,NA,"No",NA,NA
"Ama Girls","tt0051339",1958,"29 min",NA,NA,"No",NA,NA
"Mon Oncle","tt0050706",1958,"116 min","7","Rated on 14 Jul 2021","Yes",NA,NA
"The Wetback Hound","tt0051187",1957,"18 min",NA,NA,"No",NA,NA
"The Three Faces of Eve","tt0051077",1957,"91 min",NA,NA,"No",NA,NA
"Sayonara","tt0050933",1957,"147 min",NA,NA,"No","Prime","Feature Film"
"Nights of Cabiria","tt0050783",1957,"110 min",NA,NA,"No",NA,NA
"Les Girls","tt0050631",1957,"114 min",NA,NA,"No",NA,NA
"The Joker Is Wild","tt0050569",1957,"126 min",NA,NA,"No",NA,NA
"The Enemy Below","tt0050356",1957,"98 min",NA,NA,"No",NA,NA
"Designing Woman","tt0050306",1957,"118 min",NA,NA,"No",NA,NA
"The Bridge on the River Kwai","tt0050212",1957,"161 min","7","Rated on 16 Sep 2021","Yes",NA,NA
"Birds Anonymous","tt0050194",1957,"7 min",NA,NA,"No",NA,NA
"Albert Schweitzer","tt0050109",1957,"85 min",NA,NA,"No",NA,NA
"The True Story of the Civil War","tt0049885",1957,"29 min",NA,NA,"No",NA,NA
"Written on the Wind","tt0049966",1956,"99 min",NA,NA,"No",NA,NA
"The Ten Commandments","tt0049833",1956,"220 min","7","Rated on 09 Jul 2021","Yes",NA,NA
"Somebody Up There Likes Me","tt0049778",1956,"113 min",NA,NA,"No",NA,NA
"The Solid Gold Cadillac","tt0049777",1956,"99 min",NA,NA,"No",NA,NA
"The Silent World","tt0049518",1956,"86 min",NA,NA,"No",NA,NA
"Magoo's Puddle Jumper","tt0049510",1956,"6 min",NA,NA,"No",NA,NA
"The Man Who Knew Too Much","tt0049470",1956,"120 min","7","Rated on 02 Oct 2021","Yes",NA,NA
"Lust for Life","tt0049456",1956,"122 min",NA,NA,"No",NA,NA
"The King and I","tt0049408",1956,"133 min",NA,NA,"No",NA,NA
"Giant","tt0049261",1956,"201 min","7","Rated on 09 Jul 2021","Yes",NA,NA
"Crashing the Water Barrier","tt0049102",1956,"9 min",NA,NA,"No",NA,NA
"The Brave One","tt0049030",1956,"100 min",NA,NA,"No",NA,NA
"The Red Balloon","tt0048980",1956,"34 min",NA,NA,"No",NA,NA
"Around the World in 80 Days","tt0048960",1956,"175 min",NA,NA,"No",NA,NA
"Anastasia","tt0048947",1956,"105 min",NA,NA,"No",NA,NA
"The Face of Lincoln","tt0048049",1956,"20 min",NA,NA,"No",NA,NA
"The Bespoke Overcoat","tt0049000",1955,"36 min",NA,NA,"No",NA,NA
"To Catch a Thief","tt0048728",1955,"106 min","8","Rated on 09 Jul 2021","Yes",NA,NA
"Survival City","tt0048677",1955,"20 min",NA,NA,"No",NA,NA
"Speedy Gonzales","tt0048649",1955,"7 min",NA,NA,"No",NA,NA
"The Rose Tattoo","tt0048563",1955,"117 min",NA,NA,"No",NA,NA
"Picnic","tt0048491",1955,"115 min",NA,NA,"No",NA,NA
"Oklahoma!","tt0048445",1955,"145 min",NA,NA,"No",NA,NA
"Mister Roberts","tt0048380",1955,"123 min",NA,NA,"No",NA,NA
"Men Against the Arctic","tt0048369",1955,"30 min",NA,NA,"No",NA,NA
"Marty","tt0048356",1955,"90 min",NA,NA,"No","Prime","Feature Film"
"Love Me or Leave Me","tt0048317",1955,"122 min",NA,NA,"No",NA,NA
"Love Is a Many-Splendored Thing","tt0048316",1955,"102 min",NA,NA,"No",NA,NA
"Interrupted Melody","tt0048210",1955,"106 min",NA,NA,"No",NA,NA
"I'll Cry Tomorrow","tt0048191",1955,"117 min",NA,NA,"No",NA,NA
"East of Eden","tt0048028",1955,"118 min","6","Rated on 09 Jul 2021","Yes",NA,NA
"The Unconquered","tt0048157",1954,"55 min",NA,NA,"No",NA,NA
"When Magoo Flew","tt0047672",1954,"6 min",NA,NA,"No",NA,NA
"The Vanishing Prairie","tt0047642",1954,"71 min",NA,NA,"No",NA,NA
"A Time Out of War","tt0047587",1954,"20 min",NA,NA,"No",NA,NA
"Thursday's Children","tt0047585",1954,"21 min",NA,NA,"No",NA,NA
"Three Coins in the Fountain","tt0047580",1954,"102 min",NA,NA,"No",NA,NA
"This Mechanical Age","tt0047578",1954,"10 min",NA,NA,"No",NA,NA
"La Strada","tt0047528",1954,"108 min",NA,NA,"No",NA,NA
"Seven Brides for Seven Brothers","tt0047472",1954,"102 min",NA,NA,"No",NA,NA
"Sabrina","tt0047437",1954,"113 min","7","Rated on 09 Jul 2021","Yes",NA,NA
"On the Waterfront","tt0047296",1954,"108 min",NA,NA,"No",NA,NA
"The High and the Mighty","tt0047086",1954,"147 min",NA,NA,"No",NA,NA
"The Glenn Miller Story","tt0047030",1954,"115 min",NA,NA,"No",NA,NA
"The Country Girl","tt0046874",1954,"104 min",NA,NA,"No",NA,NA
"Broken Lance","tt0046808",1954,"96 min",NA,NA,"No",NA,NA
"The Bridges at Toko-Ri","tt0046806",1954,"102 min",NA,NA,"No",NA,NA
"The Barefoot Contessa","tt0046754",1954,"128 min",NA,NA,"No",NA,NA
"20,000 Leagues Under the Sea","tt0046672",1954,"127 min","8","Rated on 09 Jul 2021","Yes",NA,NA
"The War of the Worlds","tt0046534",1953,"85 min","8","Rated on 09 Jul 2021","Yes",NA,NA
"Toot Whistle Plunk and Boom","tt0046442",1953,"10 min",NA,NA,"No",NA,NA
"Titanic","tt0046435",1953,"98 min",NA,NA,"No",NA,NA
"Stalag 17","tt0046359",1953,"120 min",NA,NA,"No",NA,NA
"Shane","tt0046303",1953,"118 min",NA,NA,"No",NA,NA
"Roman Holiday","tt0046250",1953,"118 min","10","Rated on 31 Jul 2021","Yes",NA,NA
"The Robe","tt0046247",1953,"135 min",NA,NA,"No",NA,NA
"Overture to the Merry Wives of Windsor","tt0046154",1953,"9 min",NA,NA,"No",NA,NA
"The Living Desert","tt0046008",1953,"69 min",NA,NA,"No",NA,NA
"Lili","tt0046000",1953,"81 min",NA,NA,"No",NA,NA
"Julius Caesar","tt0045943",1953,"120 min",NA,NA,"No",NA,NA
"Johann Mouse","tt0045937",1953,"8 min",NA,NA,"No",NA,NA
"Gate of Hell","tt0045935",1953,"89 min",NA,NA,"No",NA,NA
"From Here to Eternity","tt0045793",1953,"118 min",NA,NA,"No",NA,NA
"Call Me Madam","tt0045592",1953,"114 min",NA,NA,"No",NA,NA
"Calamity Jane","tt0045591",1953,"101 min",NA,NA,"No",NA,NA
"Bear Country","tt0045545",1953,"33 min",NA,NA,"No",NA,NA
"The Alaskan Eskimo","tt0045485",1953,"27 min",NA,NA,"No",NA,NA
"The Sea Around Us","tt0044009",1953,"62 min",NA,NA,"No",NA,NA
"With a Song in My Heart","tt0045333",1952,"117 min",NA,NA,"No",NA,NA
"Water Birds","tt0045314",1952,"30 min",NA,NA,"No",NA,NA
"Viva Zapata!","tt0045296",1952,"113 min",NA,NA,"No",NA,NA
"The Quiet Man","tt0045061",1952,"129 min",NA,NA,"No",NA,NA
"Plymouth Adventure","tt0045039",1952,"105 min",NA,NA,"No",NA,NA
"Neighbours","tt0044958",1952,"8 min",NA,NA,"No",NA,NA
"Moulin Rouge","tt0044926",1952,"119 min",NA,NA,"No",NA,NA
"Limelight","tt0044837",1952,"137 min",NA,NA,"No",NA,NA
"Light in the Window","tt0044836",1952,"10 min",NA,NA,"No",NA,NA
"High Noon","tt0044706",1952,"85 min",NA,NA,"No",NA,NA
"The Greatest Show on Earth","tt0044672",1952,"152 min",NA,NA,"No",NA,NA
"Come Back, Little Sheba","tt0044509",1952,"99 min",NA,NA,"No",NA,NA
"The Sound Barrier","tt0044446",1952,"109 min",NA,NA,"No",NA,NA
"The Bad and the Beautiful","tt0044391",1952,"118 min",NA,NA,"No",NA,NA
"The Two Mouseketeers","tt0044157",1952,"8 min",NA,NA,"No",NA,NA
"The Lavender Hill Mob","tt0044829",1951,"78 min",NA,NA,"No",NA,NA
"World of Kids","tt0044218",1951,"10 min",NA,NA,"No",NA,NA
"When Worlds Collide","tt0044207",1951,"83 min",NA,NA,"No",NA,NA
"A Streetcar Named Desire","tt0044081",1951,"122 min","9","Rated on 09 Jul 2021","Yes",NA,NA
"A Place in the Sun","tt0043924",1951,"122 min",NA,NA,"No",NA,NA
"Nature's Half Acre","tt0043839",1951,"33 min",NA,NA,"No",NA,NA
"Here Comes the Groom","tt0043633",1951,"113 min",NA,NA,"No",NA,NA
"The Great Caruso","tt0043599",1951,"109 min",NA,NA,"No",NA,NA
"Benjy","tt0043334",1951,"31 min",NA,NA,"No",NA,NA
"An American in Paris","tt0043278",1951,"114 min","6","Rated on 09 Jul 2021","Yes",NA,NA
"The African Queen","tt0043265",1951,"105 min","8","Rated on 09 Jul 2021","Yes","Prime","Feature Film"
"Why Korea?","tt0043135",1951,"30 min",NA,NA,"No",NA,NA
"Gerald McBoing-Boing","tt0043581",1950,"8 min",NA,NA,"No",NA,NA
"The Titan: Story of Michelangelo","tt0043050",1950,"70 min",NA,NA,"No",NA,NA
"Sunset Blvd.","tt0043014",1950,"110 min","8","Rated on 09 Jul 2021","Yes",NA,NA
"Seven Days to Noon","tt0042949",1950,"94 min",NA,NA,"No",NA,NA
"Panic in the Streets","tt0042832",1950,"96 min",NA,NA,"No",NA,NA
"Kon-Tiki","tt0042650",1950,"77 min",NA,NA,"No",NA,NA
"King Solomon's Mines","tt0042646",1950,"103 min",NA,NA,"No",NA,NA
"Beaver Valley","tt0042592",1950,"32 min",NA,NA,"No",NA,NA
"Harvey","tt0042546",1950,"104 min",NA,NA,"No",NA,NA
"Grandad of Races","tt0042518",1950,"9 min",NA,NA,"No",NA,NA
"Destination Moon","tt0042393",1950,"92 min",NA,NA,"No",NA,NA
"Cyrano de Bergerac","tt0042367",1950,"113 min",NA,NA,"No","Prime","Feature Film"
"Born Yesterday","tt0042276",1950,"103 min",NA,NA,"No",NA,NA
"Annie Get Your Gun","tt0042200",1950,"107 min",NA,NA,"No",NA,NA
"All About Eve","tt0042192",1950,"138 min",NA,NA,"No",NA,NA
"Aquatic House Party","tt0041130",1950,"9 min",NA,NA,"No",NA,NA
"Captain Carey, U.S.A.","tt0042310",1949,"82 min",NA,NA,"No",NA,NA
"Twelve O'Clock High","tt0041996",1949,"132 min",NA,NA,"No",NA,NA
"The Third Man","tt0041959",1949,"93 min","8","Rated on 01 Jan 2022","Yes",NA,NA
"The Stratton Story","tt0041928",1949,"106 min",NA,NA,"No",NA,NA
"So Much for So Little","tt0041891",1949,"10 min",NA,NA,"No",NA,NA
"She Wore a Yellow Ribbon","tt0041866",1949,"104 min",NA,NA,"No",NA,NA
"Samson and Delilah","tt0041838",1949,"134 min",NA,NA,"No",NA,NA
"On the Town","tt0041716",1949,"98 min",NA,NA,"No",NA,NA
"Neptune's Daughter","tt0041687",1949,"95 min",NA,NA,"No",NA,NA
"Mighty Joe Young","tt0041650",1949,"94 min",NA,NA,"No",NA,NA
"Little Women","tt0041594",1949,"122 min",NA,NA,"No",NA,NA
"A Letter to Three Wives","tt0041587",1949,"103 min",NA,NA,"No",NA,NA
"The Heiress","tt0041452",1949,"115 min",NA,NA,"No",NA,NA
"For Scent-imental Reasons","tt0041380",1949,"7 min",NA,NA,"No",NA,NA
"Daybreak in Udi","tt0041283",1949,"47 min",NA,NA,"No",NA,NA
"A Chance to Live","tt0041240",1949,"18 min",NA,NA,"No",NA,NA
"Champion","tt0041239",1949,"99 min",NA,NA,"No",NA,NA
"Battleground","tt0041163",1949,"118 min",NA,NA,"No",NA,NA
"All the King's Men","tt0041113",1949,"110 min",NA,NA,"No",NA,NA
"The Little Orphan","tt0041592",1948,"8 min",NA,NA,"No",NA,NA
"Van Gogh","tt0040930",1948,"20 min",NA,NA,"No",NA,NA
"The Treasure of the Sierra Madre","tt0040897",1948,"126 min",NA,NA,"No",NA,NA
"Toward Independence","tt0040893",1948,"30 min",NA,NA,"No",NA,NA
"The Snake Pit","tt0040806",1948,"108 min",NA,NA,"No",NA,NA
"The Secret Land","tt0040767",1948,"71 min",NA,NA,"No",NA,NA
"The Search","tt0040765",1948,"104 min",NA,NA,"No",NA,NA
"Seal Island","tt0040763",1948,"27 min",NA,NA,"No",NA,NA
"The Red Shoes","tt0040725",1948,"135 min",NA,NA,"No","Prime","Feature Film"
"Portrait of Jennie","tt0040705",1948,"86 min",NA,NA,"No",NA,NA
"The Paleface","tt0040679",1948,"91 min",NA,NA,"No",NA,NA
"The Naked City","tt0040636",1948,"96 min","9","Rated on 01 Nov 2021","Yes",NA,NA
"Key Largo","tt0040506",1948,"100 min","7","Rated on 09 Jul 2021","Yes",NA,NA
"Johnny Belinda","tt0040495",1948,"102 min",NA,NA,"No",NA,NA
"Joan of Arc","tt0040491",1948,"145 min",NA,NA,"No",NA,NA
"Hamlet","tt0040416",1948,"154 min",NA,NA,"No",NA,NA
"Easter Parade","tt0040308",1948,"103 min",NA,NA,"No",NA,NA
"Adventures of Don Juan","tt0040076",1948,"110 min",NA,NA,"No",NA,NA
"Goodbye, Miss Turlock","tt0039432",1948,"11 min",NA,NA,"No",NA,NA
"Design for Death","tt0040285",1947,"48 min",NA,NA,"No",NA,NA
"Tweetie Pie","tt0039923",1947,"7 min",NA,NA,"No",NA,NA
"Rhythm of a City","tt0039648",1947,"20 min",NA,NA,"No",NA,NA
"Mother Wore Tights","tt0039634",1947,"107 min",NA,NA,"No",NA,NA
"Miracle on 34th Street","tt0039628",1947,"96 min","7","Rated on 09 Jul 2021","Yes",NA,NA
"Green Dolphin Street","tt0039437",1947,"141 min",NA,NA,"No",NA,NA
"Gentleman's Agreement","tt0039416",1947,"118 min",NA,NA,"No",NA,NA
"First Steps","tt0039384",1947,"10 min",NA,NA,"No",NA,NA
"The Farmer's Daughter","tt0039370",1947,"97 min",NA,NA,"No",NA,NA
"A Double Life","tt0039335",1947,"104 min","7","Rated on 22 Oct 2021","Yes",NA,NA
"Climbing the Matterhorn","tt0039267",1947,"21 min",NA,NA,"No",NA,NA
"The Cat Concerto","tt0039251",1947,"8 min",NA,NA,"No",NA,NA
"Body and Soul","tt0039204",1947,"104 min",NA,NA,"No",NA,NA
"Black Narcissus","tt0039192",1947,"101 min",NA,NA,"No",NA,NA
"The Bishop's Wife","tt0039190",1947,"109 min",NA,NA,"No","Prime","Feature Film"
"The Bachelor and the Bobby-Soxer","tt0039169",1947,"95 min",NA,NA,"No",NA,NA
"The Yearling","tt0039111",1946,"128 min",NA,NA,"No",NA,NA
"To Each His Own","tt0039040",1946,"122 min",NA,NA,"No",NA,NA
"Song of the South","tt0038969",1946,"94 min",NA,NA,"No",NA,NA
"Seeds of Destiny","tt0038919",1946,"20 min",NA,NA,"No",NA,NA
"The Razor's Edge","tt0038873",1946,"145 min",NA,NA,"No",NA,NA
"The Jolson Story","tt0038661",1946,"128 min",NA,NA,"No",NA,NA
"The Harvey Girls","tt0038589",1946,"102 min","6","Rated on 16 Nov 2021","Yes",NA,NA
"Great Expectations","tt0038574",1946,"118 min",NA,NA,"No",NA,NA
"Facing Your Danger","tt0038515",1946,"10 min",NA,NA,"No",NA,NA
"A Boy and His Dog","tt0038379",1946,"21 min",NA,NA,"No",NA,NA
"Anna and the King of Siam","tt0038303",1946,"128 min",NA,NA,"No",NA,NA
"The Best Years of Our Lives","tt0036868",1946,"170 min",NA,NA,"No","Prime","Feature Film"
"The Seventh Veil","tt0038924",1945,"94 min",NA,NA,"No",NA,NA
"Blithe Spirit","tt0038363",1945,"96 min","6","Rated on 11 Jul 2021","Yes",NA,NA
"Wonder Man","tt0038260",1945,"98 min",NA,NA,"No","Prime","Feature Film"
"The True Glory","tt0038192",1945,"87 min",NA,NA,"No",NA,NA
"A Tree Grows in Brooklyn","tt0038190",1945,"129 min",NA,NA,"No",NA,NA
"State Fair","tt0038116",1945,"100 min",NA,NA,"No",NA,NA
"Star in the Night","tt0038115",1945,"22 min",NA,NA,"No",NA,NA
"Stairway to Light","tt0038114",1945,"10 min",NA,NA,"No",NA,NA
"Spellbound","tt0038109",1945,"111 min","6","Rated on 07 Jan 2022","Yes",NA,NA
"Quiet Please!","tt0038011",1945,"7 min",NA,NA,"No",NA,NA
"The Picture of Dorian Gray","tt0037988",1945,"110 min",NA,NA,"No",NA,NA
"Vacation from Marriage","tt0037980",1945,"102 min",NA,NA,"No",NA,NA
"Mildred Pierce","tt0037913",1945,"111 min",NA,NA,"No",NA,NA
"The Lost Weekend","tt0037884",1945,"101 min",NA,NA,"No",NA,NA
"Leave Her to Heaven","tt0037865",1945,"110 min",NA,NA,"No",NA,NA
"The House on 92nd Street","tt0037795",1945,"88 min",NA,NA,"No",NA,NA
"Hitler Lives","tt0037783",1945,"17 min",NA,NA,"No",NA,NA
"Blood on the Sun","tt0037547",1945,"94 min",NA,NA,"No",NA,NA
"The Bells of St. Mary's","tt0037536",1945,"126 min",NA,NA,"No",NA,NA
"Anchors Aweigh","tt0037514",1945,"140 min","6","Rated on 03 Nov 2021","Yes",NA,NA
"Marie-Louise","tt0037899",1944,"93 min",NA,NA,"No",NA,NA
"With the Marines at Tarawa","tt0037468",1944,"18 min",NA,NA,"No",NA,NA
"Wilson","tt0037465",1944,"154 min",NA,NA,"No",NA,NA
"Who's Who in Animal Land","tt0037463",1944,"10 min",NA,NA,"No",NA,NA
"Thirty Seconds Over Tokyo","tt0037366",1944,"138 min",NA,NA,"No",NA,NA
"Since You Went Away","tt0037280",1944,"177 min",NA,NA,"No",NA,NA
"None But the Lonely Heart","tt0037135",1944,"113 min",NA,NA,"No",NA,NA
"National Velvet","tt0037120",1944,"123 min",NA,NA,"No",NA,NA
"Mouse Trouble","tt0037090",1944,"7 min",NA,NA,"No",NA,NA
"Laura","tt0037008",1944,"88 min","8","Rated on 09 Jul 2021","Yes",NA,NA
"I Won't Play","tt0036939",1944,"18 min",NA,NA,"No",NA,NA
"Going My Way","tt0036872",1944,"126 min",NA,NA,"No",NA,NA
"Gaslight","tt0036855",1944,"114 min",NA,NA,"No",NA,NA
"Frenchman's Creek","tt0036840",1944,"110 min",NA,NA,"No",NA,NA
"The Fighting Lady","tt0036823",1944,"61 min",NA,NA,"No",NA,NA
"Cover Girl","tt0036723",1944,"107 min",NA,NA,"No",NA,NA
"The Yankee Doodle Mouse","tt0036547",1943,"8 min",NA,NA,"No",NA,NA
"Watch on the Rhine","tt0036515",1943,"114 min",NA,NA,"No",NA,NA
"This Land Is Mine","tt0036431",1943,"103 min",NA,NA,"No",NA,NA
"This Is the Army","tt0036430",1943,"121 min",NA,NA,"No",NA,NA
"The Song of Bernadette","tt0036377",1943,"156 min",NA,NA,"No",NA,NA
"Princess O'Rourke","tt0036277",1943,"94 min",NA,NA,"No",NA,NA
"Phantom of the Opera","tt0036261",1943,"92 min",NA,NA,"No",NA,NA
"The More the Merrier","tt0036172",1943,"104 min",NA,NA,"No",NA,NA
"The Human Comedy","tt0036022",1943,"117 min",NA,NA,"No",NA,NA
"Hello Frisco, Hello","tt0035982",1943,"99 min",NA,NA,"No",NA,NA
"Heavenly Music","tt0035981",1943,"22 min",NA,NA,"No",NA,NA
"For Whom the Bell Tolls","tt0035896",1943,"170 min",NA,NA,"No",NA,NA
"Desert Victory","tt0035796",1943,"62 min",NA,NA,"No",NA,NA
"December 7th","tt0035790",1943,"82 min",NA,NA,"No",NA,NA
"Crash Dive","tt0035763",1943,"106 min",NA,NA,"No",NA,NA
"Amphibious Fighters","tt0035634",1943,"10 min",NA,NA,"No",NA,NA
"Air Force","tt0035616",1943,"124 min",NA,NA,"No",NA,NA
"Der Fuehrer's Face","tt0035794",1942,"8 min",NA,NA,"No",NA,NA
"Yankee Doodle Dandy","tt0035575",1942,"126 min",NA,NA,"No",NA,NA
"Woman of the Year","tt0035567",1942,"114 min","6","Rated on 09 Jul 2021","Yes",NA,NA
"This Above All","tt0035431",1942,"110 min",NA,NA,"No",NA,NA
"Speaking of Animals and Their Families","tt0035366",1942,"8 min",NA,NA,"No",NA,NA
"Reap the Wild Wind","tt0035244",1942,"123 min",NA,NA,"No",NA,NA
"The Pride of the Yankees","tt0035211",1942,"128 min",NA,NA,"No","Prime","Feature Film"
"Why We Fight","tt0035209",1942,"52 min",NA,NA,"No",NA,NA
"Now, Voyager","tt0035140",1942,"117 min",NA,NA,"No",NA,NA
"My Gal Sal","tt0035103",1942,"103 min",NA,NA,"No",NA,NA
"Mrs. Miniver","tt0035093",1942,"134 min",NA,NA,"No",NA,NA
"Moscow Strikes Back","tt0035085",1942,"55 min",NA,NA,"No",NA,NA
"Kokoda Front Line!","tt0034951",1942,"9 min",NA,NA,"No",NA,NA
"Holiday Inn","tt0034862",1942,"100 min",NA,NA,"No",NA,NA
"Casablanca","tt0034583",1942,"102 min","9","Rated on 09 Jul 2021","Yes",NA,NA
"The Black Swan","tt0034522",1942,"87 min",NA,NA,"No",NA,NA
"Beyond the Line of Duty","tt0034511",1942,"22 min",NA,NA,"No",NA,NA
"The Battle of Midway","tt0034498",1942,"18 min",NA,NA,"No",NA,NA
"That Hamilton Woman","tt0034272",1941,"125 min",NA,NA,"No",NA,NA
"Suspicion","tt0034248",1941,"99 min","8","Rated on 02 Oct 2021","Yes",NA,NA
"Sergeant York","tt0034167",1941,"134 min",NA,NA,"No",NA,NA
"Of Pups and Puzzles","tt0033969",1941,"10 min",NA,NA,"No",NA,NA
"Main Street on the March!","tt0033866",1941,"20 min",NA,NA,"No",NA,NA
"Lend a Paw","tt0033824",1941,"8 min",NA,NA,"No",NA,NA
"Lady Be Good","tt0033803",1941,"112 min",NA,NA,"No",NA,NA
"Johnny Eager","tt0033774",1941,"107 min",NA,NA,"No",NA,NA
"I Wanted Wings","tt0033741",1941,"135 min",NA,NA,"No",NA,NA
"How Green Was My Valley","tt0033729",1941,"118 min",NA,NA,"No",NA,NA
"Here Comes Mr. Jordan","tt0033712",1941,"94 min",NA,NA,"No",NA,NA
"The Great Lie","tt0033677",1941,"108 min",NA,NA,"No",NA,NA
"49th Parallel","tt0033627",1941,"123 min",NA,NA,"No","Prime","Feature Film"
"Dumbo","tt0033563",1941,"64 min","7","Rated on 09 Jul 2021","Yes",NA,NA
"All That Money Can Buy","tt0033532",1941,"107 min",NA,NA,"No",NA,NA
"Citizen Kane","tt0033467",1941,"119 min","8","Rated on 09 Jul 2021","Yes",NA,NA
"Churchill's Island","tt0033466",1941,"21 min",NA,NA,"No",NA,NA
"Blossoms in the Dust","tt0033407",1941,"99 min",NA,NA,"No",NA,NA
"Blood and Sand","tt0033405",1941,"125 min",NA,NA,"No",NA,NA
"The Westerner","tt0033253",1940,"100 min",NA,NA,"No","Prime","Feature Film"
"Tin Pan Alley","tt0033167",1940,"94 min",NA,NA,"No",NA,NA
"The Thief of Bagdad","tt0033152",1940,"106 min",NA,NA,"No",NA,NA
"Teddy the Rough Rider","tt0033138",1940,"19 min",NA,NA,"No",NA,NA
"Strike Up the Band","tt0033110",1940,"120 min",NA,NA,"No",NA,NA
"Rebecca","tt0032976",1940,"130 min","9","Rated on 09 Jul 2021","Yes",NA,NA
"Quicker'n a Wink","tt0032960",1940,"10 min",NA,NA,"No",NA,NA
"Pride and Prejudice","tt0032943",1940,"118 min",NA,NA,"No",NA,NA
"Pinocchio","tt0032910",1940,"88 min","7","Rated on 09 Jul 2021","Yes",NA,NA
"The Philadelphia Story","tt0032904",1940,"112 min","8","Rated on 09 Jul 2021","Yes",NA,NA
"North West Mounted Police","tt0032850",1940,"126 min",NA,NA,"No",NA,NA
"The Milky Way","tt0032794",1940,"8 min",NA,NA,"No",NA,NA
"Kitty Foyle","tt0032671",1940,"108 min",NA,NA,"No",NA,NA
"The Great McGinty","tt0032554",1940,"82 min",NA,NA,"No",NA,NA
"The Grapes of Wrath","tt0032551",1940,"129 min",NA,NA,"No",NA,NA
"Arise, My Love","tt0032220",1940,"110 min",NA,NA,"No",NA,NA
"Wuthering Heights","tt0032145",1939,"104 min","8","Rated on 09 Jul 2021","Yes","Prime","Feature Film"
"The Wizard of Oz","tt0032138",1939,"102 min","10","Rated on 09 Jul 2021","Yes",NA,NA
"When Tomorrow Comes","tt0032124",1939,"90 min",NA,NA,"No",NA,NA
"Ugly Duckling","tt0032071",1939,"9 min",NA,NA,"No",NA,NA
"Stagecoach","tt0031971",1939,"96 min",NA,NA,"No","Prime","Feature Film"
"Sons of Liberty","tt0031953",1939,"20 min",NA,NA,"No",NA,NA
"The Rains Came","tt0031835",1939,"103 min",NA,NA,"No",NA,NA
"Mr. Smith Goes to Washington","tt0031679",1939,"129 min",NA,NA,"No",NA,NA
"Goodbye, Mr. Chips","tt0031385",1939,"114 min",NA,NA,"No",NA,NA
"Gone with the Wind","tt0031381",1939,"238 min",NA,NA,"No",NA,NA
"Busy Little Bears","tt0031128",1939,"10 min",NA,NA,"No",NA,NA
"You Can't Take It with You","tt0030993",1938,"126 min",NA,NA,"No",NA,NA
"That Mothers Might Live","tt0030855",1938,"10 min",NA,NA,"No",NA,NA
"Pygmalion","tt0030637",1938,"89 min",NA,NA,"No",NA,NA
"Kentucky","tt0030317",1938,"96 min",NA,NA,"No",NA,NA
"Jezebel","tt0030287",1938,"104 min",NA,NA,"No",NA,NA
"The Great Waltz","tt0030202",1938,"104 min",NA,NA,"No",NA,NA
"Ferdinand the Bull","tt0030128",1938,"8 min",NA,NA,"No",NA,NA
"The Declaration of Independence","tt0030046",1938,"17 min",NA,NA,"No",NA,NA
"The Cowboy and the Lady","tt0030018",1938,"91 min","4","Rated on 21 Sep 2021","Yes","Prime","Feature Film"
"Boys Town","tt0029942",1938,"96 min",NA,NA,"No",NA,NA
"The Big Broadcast of 1938","tt0029912",1938,"91 min",NA,NA,"No",NA,NA
"Alexander's Ragtime Band","tt0029852",1938,"106 min",NA,NA,"No",NA,NA
"The Adventures of Robin Hood","tt0029843",1938,"102 min",NA,NA,"No",NA,NA
"In Old Chicago","tt0029047",1938,"95 min",NA,NA,"No",NA,NA
"Waikiki Wedding","tt0029742",1937,"89 min",NA,NA,"No",NA,NA
"Torture Money","tt0029684",1937,"21 min",NA,NA,"No",NA,NA
"A Star Is Born","tt0029606",1937,"111 min","7","Rated on 09 Jul 2021","Yes","Prime","Feature Film"
"Penny Wisdom","tt0029385",1937,"10 min",NA,NA,"No",NA,NA
"One Hundred Men and a Girl","tt0029347",1937,"84 min",NA,NA,"No",NA,NA
"The Old Mill","tt0029339",1937,"9 min",NA,NA,"No",NA,NA
"Lost Horizon","tt0029162",1937,"132 min",NA,NA,"No",NA,NA
"The Life of Emile Zola","tt0029146",1937,"116 min",NA,NA,"No",NA,NA
"The Hurricane","tt0029030",1937,"110 min",NA,NA,"No","Prime","Feature Film"
"The Good Earth","tt0028944",1937,"138 min",NA,NA,"No",NA,NA
"A Damsel in Distress","tt0028757",1937,"101 min",NA,NA,"No",NA,NA
"Captains Courageous","tt0028691",1937,"117 min",NA,NA,"No",NA,NA
"The Awful Truth","tt0028597",1937,"90 min",NA,NA,"No",NA,NA
"Swing Time","tt0028333",1936,"103 min",NA,NA,"No",NA,NA
"The Story of Louis Pasteur","tt0028313",1936,"86 min",NA,NA,"No",NA,NA
"San Francisco","tt0028216",1936,"115 min",NA,NA,"No",NA,NA
"The Public Pays","tt0028146",1936,"19 min",NA,NA,"No",NA,NA
"Mr. Deeds Goes to Town","tt0027996",1936,"115 min",NA,NA,"No",NA,NA
"The Great Ziegfeld","tt0027698",1936,"176 min",NA,NA,"No",NA,NA
"Give Me Liberty","tt0027678",1936,"22 min",NA,NA,"No",NA,NA
"Dodsworth","tt0027532",1936,"101 min",NA,NA,"No","Prime","Feature Film"
"The Country Cousin","tt0027468",1936,"9 min",NA,NA,"No",NA,NA
"Come and Get It","tt0027459",1936,"99 min","6","Rated on 15 Aug 2021","Yes","Prime","Feature Film"
"The Charge of the Light Brigade","tt0027438",1936,"115 min",NA,NA,"No",NA,NA
"Bored of Education","tt0027385",1936,"10 min",NA,NA,"No",NA,NA
"Anthony Adverse","tt0027300",1936,"141 min",NA,NA,"No",NA,NA
"The Tortoise and the Hare","tt0027126",1935,"9 min",NA,NA,"No",NA,NA
"Three Orphan Kittens","tt0027100",1935,"9 min",NA,NA,"No",NA,NA
"The Scoundrel","tt0026970",1935,"76 min",NA,NA,"No",NA,NA
"Naughty Marietta","tt0026768",1935,"105 min",NA,NA,"No",NA,NA
"Mutiny on the Bounty","tt0026752",1935,"132 min",NA,NA,"No",NA,NA
"A Midsummer Night's Dream","tt0026714",1935,"133 min",NA,NA,"No",NA,NA
"The Lives of a Bengal Lancer","tt0026643",1935,"109 min",NA,NA,"No",NA,NA
"The Informer","tt0026529",1935,"91 min",NA,NA,"No",NA,NA
"How to Sleep","tt0026497",1935,"11 min",NA,NA,"No",NA,NA
"Gold Diggers of 1935","tt0026421",1935,"95 min",NA,NA,"No",NA,NA
"Folies Bergère de Paris","tt0026373",1935,"82 min",NA,NA,"No",NA,NA
"The Dark Angel","tt0026264",1935,"106 min",NA,NA,"No",NA,NA
"Dangerous","tt0026261",1935,"79 min",NA,NA,"No",NA,NA
"Broadway Melody of 1936","tt0026144",1935,"101 min",NA,NA,"No",NA,NA
"The Private Life of the Gannets","tt0029443",1934,"10 min",NA,NA,"No",NA,NA
"Viva Villa!","tt0025948",1934,"115 min",NA,NA,"No",NA,NA
"One Night of Love","tt0025601",1934,"84 min",NA,NA,"No",NA,NA
"The Merry Widow","tt0025493",1934,"99 min",NA,NA,"No",NA,NA
"Manhattan Melodrama","tt0025464",1934,"93 min",NA,NA,"No",NA,NA
"It Happened One Night","tt0025316",1934,"105 min",NA,NA,"No",NA,NA
"The Gay Divorcee","tt0025164",1934,"107 min",NA,NA,"No",NA,NA
"La Cucaracha","tt0025019",1934,"20 min",NA,NA,"No",NA,NA
"Cleopatra","tt0024991",1934,"100 min",NA,NA,"No",NA,NA
"City of Wax","tt0024986",1934,"9 min",NA,NA,"No",NA,NA
"Wings Over Everest","tt0024777",1934,"22 min",NA,NA,"No",NA,NA
"Three Little Pigs","tt0024660",1933,"9 min",NA,NA,"No",NA,NA
"So This Is Harris","tt0024580",1933,"28 min",NA,NA,"No",NA,NA
"The Private Life of Henry VIII","tt0024473",1933,"97 min",NA,NA,"No",NA,NA
"Morning Glory","tt0024353",1933,"74 min",NA,NA,"No",NA,NA
"Little Women","tt0024264",1933,"115 min",NA,NA,"No",NA,NA
"Krakatoa","tt0024231",1933,"23 min",NA,NA,"No",NA,NA
"Eskimo","tt0023990",1933,"117 min",NA,NA,"No",NA,NA
"Cavalcade","tt0023876",1933,"112 min",NA,NA,"No",NA,NA
"Shanghai Express","tt0023458",1932,"82 min",NA,NA,"No",NA,NA
"One Way Passage","tt0023305",1932,"67 min",NA,NA,"No",NA,NA
"The Music Box","tt0023251",1932,"29 min",NA,NA,"No",NA,NA
"Grand Hotel","tt0022958",1932,"112 min",NA,NA,"No",NA,NA
"Flowers and Trees","tt0022899",1932,"8 min",NA,NA,"No",NA,NA
"A Farewell to Arms","tt0022879",1932,"80 min","7","Rated on 15 Aug 2021","Yes","Prime","Feature Film"
"Wrestling Swordfish","tt0023711",1931,"8 min",NA,NA,"No",NA,NA
"Dr. Jekyll and Mr. Hyde","tt0022835",1931,"98 min","8","Rated on 09 Jul 2021","Yes",NA,NA
"Transatlantic","tt0022500",1931,"78 min",NA,NA,"No",NA,NA
"Tabu: A Story of the South Seas","tt0022458",1931,"86 min",NA,NA,"No",NA,NA
"Skippy","tt0022397",1931,"85 min",NA,NA,"No",NA,NA
"The Sin of Madelon Claudet","tt0022386",1931,"75 min",NA,NA,"No",NA,NA
"A Free Soul","tt0021885",1931,"93 min",NA,NA,"No",NA,NA
"Cimarron","tt0021746",1931,"123 min",NA,NA,"No",NA,NA
"The Champ","tt0021730",1931,"86 min",NA,NA,"No",NA,NA
"Bad Girl","tt0021635",1931,"90 min",NA,NA,"No",NA,NA
"Min and Bill","tt0021148",1930,"69 min",NA,NA,"No",NA,NA
"King of Jazz","tt0021025",1930,"99 min",NA,NA,"No",NA,NA
"The Divorcee","tt0020827",1930,"84 min",NA,NA,"No",NA,NA
"The Dawn Patrol","tt0020815",1930,"108 min",NA,NA,"No",NA,NA
"The Big House","tt0020686",1930,"87 min",NA,NA,"No",NA,NA
"All Quiet on the Western Front","tt0020629",1930,"152 min",NA,NA,"No",NA,NA
"With Byrd at the South Pole","tt0020594",1930,"82 min",NA,NA,"No",NA,NA
"Disraeli","tt0019823",1929,"90 min",NA,NA,"No",NA,NA
"Coquette","tt0019788",1929,"76 min",NA,NA,"No",NA,NA
"The Broadway Melody","tt0019729",1929,"100 min",NA,NA,"No",NA,NA
"The Bridge of San Luis Rey","tt0019722",1929,"86 min",NA,NA,"No",NA,NA
"In Old Arizona","tt0020018",1928,"95 min",NA,NA,"No",NA,NA
"The Divine Lady","tt0019824",1928,"99 min",NA,NA,"No",NA,NA
"White Shadows in the South Seas","tt0019574",1928,"88 min",NA,NA,"No",NA,NA
"Tempest","tt0019451",1928,"102 min",NA,NA,"No",NA,NA
"Street Angel","tt0019429",1928,"102 min",NA,NA,"No",NA,NA
"The Patriot","tt0019257",1928,"113 min",NA,NA,"No",NA,NA
"The Last Command","tt0019071",1928,"88 min",NA,NA,"No",NA,NA
"The Way of All Flesh","tt0019553",1927,"94 min",NA,NA,"No",NA,NA
"Wings","tt0018578",1927,"144 min",NA,NA,"No",NA,NA
"Underworld","tt0018526",1927,"80 min",NA,NA,"No",NA,NA
"Two Arabian Knights","tt0018515",1927,"92 min",NA,NA,"No",NA,NA
"Sunrise","tt0018455",1927,"94 min",NA,NA,"No",NA,NA
"7th Heaven","tt0018379",1927,"110 min",NA,NA,"No",NA,NA
"The Dove","tt0017822",1927,"90 min",NA,NA,"No",NA,NA
